commission_id,commission_rate,commission_amount,payment_method,payment_date,1,7.1,38298,error: undefined method `first' for nil:NilClass,12/21/2020,4.1,20990,5/14/2020
1.0,4.2,21619.0,Draft,1/13/2021,,,,,,,,
2.0,3.2,34562.0,Draft,8/27/2022,,,,,,,,
3.0,2.6,9710.0,Pay Order,8/30/2021,,,,,,,,
4.0,4.1,44279.0,Pay Order,2/13/2023,,,,,,,,
5.0,3.6,45647.0,Draft,3/5/2023,,,,,,,,
6.0,4.7,13099.0,Cash,11/12/2021,,,,,,,,
7.0,5.9,44543.0,Pay Order,9/21/2022,,,,,,,,
8.0,3.6,12497.0,EFT,1/4/2019,,,,,,,,
9.0,4.4,7013.0,EFT,10/4/2023,,,,,,,,
10.0,2.1,40535.0,Cash,10/24/2019,,,,,,,,
11.0,,26656.0,Cheque,2/1/2023,,,,,,,,
12.0,2.0,5988.0,Pay Order,11/26/2023,,,,,,,,
13.0,4.0,19783.0,EFT,12/19/2022,,,,,,,,
14.0,2.4,26574.0,Draft,1/21/2022,,,,,,,,
15.0,2.2,29920.0,Cheque,5/2/2022,,,,,,,,
16.0,3.0,44301.0,Draft,3/10/2019,,,,,,,,
17.0,4.4,3083.0,Cheque,4/22/2020,,,,,,,,
18.0,6.0,13890.0,Pay Order,5/3/2022,,,,,,,,
19.0,3.2,30782.0,EFT,8/7/2021,,,,,,,,
20.0,5.0,28814.0,Draft,5/1/2022,,,,,,,,
21.0,5.4,5620.0,Cheque,2/5/2020,,,,,,,,
22.0,4.3,35552.0,EFT,3/14/2022,,,,,,,,
23.0,3.6,29997.0,Cash,8/9/2023,,,,,,,,
24.0,4.3,11025.0,Cheque,8/19/2019,,,,,,,,
25.0,2.0,34769.0,Cheque,6/29/2023,,,,,,,,
26.0,3.1,28343.0,Draft,5/19/2019,,,,,,,,
27.0,3.4,21381.0,Cheque,6/7/2023,,,,,,,,
28.0,3.7,28664.0,Pay Order,9/8/2023,,,,,,,,
29.0,5.8,25411.0,EFT,2/14/2020,,,,,,,,
30.0,5.0,8471.0,EFT,6/26/2019,,,,,,,,
31.0,2.6,35635.0,Draft,2/9/2023,,,,,,,,
32.0,6.0,13593.0,Draft,6/30/2020,,,,,,,,
33.0,3.9,24425.0,Draft,12/6/2023,,,,,,,,
34.0,5.7,34720.0,Pay Order,10/27/2020,,,,,,,,
35.0,2.8,43795.0,Pay Order,3/30/2022,,,,,,,,
36.0,2.6,1641.0,EFT,12/20/2021,,,,,,,,
37.0,5.8,1748.0,Pay Order,10/20/2021,,,,,,,,
38.0,2.1,40694.0,EFT,11/25/2023,,,,,,,,
39.0,3.0,44019.0,Cheque,10/22/2022,,,,,,,,
40.0,3.2,43795.0,EFT,11/9/2019,,,,,,,,
41.0,5.6,24506.0,Draft,3/1/2020,,,,,,,,
42.0,3.5,37408.0,Draft,3/27/2023,,,,,,,,
43.0,5.9,42107.0,EFT,5/30/2019,,,,,,,,
44.0,5.4,11650.0,EFT,7/21/2022,,,,,,,,
45.0,2.2,13154.0,Pay Order,8/21/2022,,,,,,,,
46.0,3.3,44432.0,Cheque,8/15/2021,,,,,,,,
47.0,4.1,8272.0,EFT,1/13/2019,,,,,,,,
48.0,5.4,24954.0,Cheque,12/7/2022,,,,,,,,
49.0,3.4,15858.0,Pay Order,7/7/2023,,,,,,,,
50.0,2.1,41523.0,Cheque,8/26/2023,,,,,,,,
51.0,4.3,45678.0,Draft,10/2/2021,,,,,,,,
52.0,4.9,2563.0,Cash,6/7/2021,,,,,,,,
53.0,2.1,25101.0,Cash,11/18/2023,,,,,,,,
54.0,4.9,26838.0,Pay Order,11/14/2021,,,,,,,,
55.0,4.7,36886.0,Cash,7/31/2022,,,,,,,,
56.0,5.5,21167.0,Cheque,1/25/2019,,,,,,,,
57.0,4.7,28698.0,Draft,10/11/2021,,,,,,,,
58.0,2.9,17825.0,EFT,5/7/2023,,,,,,,,
59.0,3.7,9553.0,Cheque,8/27/2019,,,,,,,,
60.0,4.0,3789.0,Pay Order,9/10/2023,,,,,,,,
61.0,3.7,35286.0,Cash,6/3/2022,,,,,,,,
62.0,2.4,18427.0,Cheque,11/6/2022,,,,,,,,
63.0,5.4,46525.0,Pay Order,9/25/2022,,,,,,,,
64.0,4.2,44655.0,Draft,12/9/2021,,,,,,,,
65.0,2.2,42571.0,EFT,11/12/2023,,,,,,,,
66.0,4.7,41174.0,Pay Order,11/26/2019,,,,,,,,
67.0,2.1,6303.0,Cash,11/19/2023,,,,,,,,
68.0,4.2,12682.0,EFT,5/27/2023,,,,,,,,
69.0,3.8,43019.0,Cash,7/11/2023,,,,,,,,
70.0,4.6,4687.0,Pay Order,2/10/2023,,,,,,,,
71.0,5.9,32838.0,Cash,2/22/2022,,,,,,,,
72.0,2.0,25213.0,EFT,3/15/2020,,,,,,,,
73.0,5.7,26711.0,Pay Order,2/21/2023,,,,,,,,
74.0,4.6,4559.0,Pay Order,1/28/2023,,,,,,,,
75.0,4.5,17124.0,Cash,9/20/2022,,,,,,,,
76.0,4.1,4341.0,EFT,7/17/2020,,,,,,,,
77.0,5.0,35037.0,Draft,11/30/2021,,,,,,,,
78.0,4.4,28133.0,Cheque,12/21/2023,,,,,,,,
79.0,3.7,24823.0,Cash,9/26/2020,,,,,,,,
80.0,3.7,7998.0,Pay Order,3/23/2022,,,,,,,,
81.0,4.5,6056.0,Cheque,3/4/2019,,,,,,,,
82.0,2.9,34905.0,EFT,6/8/2022,,,,,,,,
83.0,3.7,1701.0,Draft,7/24/2022,,,,,,,,
84.0,3.2,23339.0,EFT,5/3/2021,,,,,,,,
85.0,3.6,24231.0,Pay Order,9/2/2023,,,,,,,,
86.0,4.7,24435.0,Pay Order,11/15/2021,,,,,,,,
87.0,4.2,39919.0,Cheque,10/5/2023,,,,,,,,
88.0,5.4,25304.0,Draft,11/23/2019,,,,,,,,
89.0,5.5,37533.0,Pay Order,12/13/2023,,,,,,,,
90.0,2.2,45127.0,Draft,8/16/2021,,,,,,,,
91.0,3.9,42430.0,Cheque,1/31/2021,,,,,,,,
92.0,2.2,30449.0,Draft,8/4/2023,,,,,,,,
93.0,5.4,7938.0,Draft,8/3/2020,,,,,,,,
94.0,3.1,32482.0,Draft,7/8/2022,,,,,,,,
95.0,,33661.0,Draft,5/20/2019,,,,,,,,
96.0,5.3,25549.0,EFT,5/20/2020,,,,,,,,
97.0,4.4,14605.0,Draft,8/6/2019,,,,,,,,
98.0,4.1,6199.0,Draft,2/19/2022,,,,,,,,
99.0,3.9,33254.0,Cheque,8/28/2020,,,,,,,,
100.0,2.1,43846.0,Cash,12/5/2020,,,,,,,,
101.0,4.7,24290.0,Cash,2/14/2023,,,,,,,,
102.0,2.0,5341.0,Cheque,3/25/2021,,,,,,,,
103.0,5.1,6130.0,Pay Order,12/10/2019,,,,,,,,
104.0,2.9,21772.0,Draft,12/25/2020,,,,,,,,
105.0,2.5,33378.0,Draft,11/8/2022,,,,,,,,
106.0,3.0,5352.0,EFT,8/28/2021,,,,,,,,
107.0,3.1,962.0,Draft,6/23/2019,,,,,,,,
108.0,4.6,1865.0,Cash,7/5/2023,,,,,,,,
109.0,3.2,15842.0,Pay Order,5/3/2020,,,,,,,,
110.0,4.3,42939.0,Draft,6/13/2023,,,,,,,,
111.0,3.4,20379.0,Pay Order,9/29/2019,,,,,,,,
112.0,3.9,43841.0,EFT,3/13/2022,,,,,,,,
113.0,3.1,48910.0,EFT,7/10/2021,,,,,,,,
114.0,2.8,37518.0,Cheque,8/9/2019,,,,,,,,
115.0,3.1,16737.0,Draft,8/4/2022,,,,,,,,
116.0,3.9,5436.0,EFT,7/18/2019,,,,,,,,
117.0,3.5,36231.0,Draft,9/21/2019,,,,,,,,
118.0,4.1,6490.0,Cheque,5/1/2019,,,,,,,,
119.0,3.9,45521.0,Cheque,4/17/2023,,,,,,,,
120.0,3.6,2744.0,Cash,6/20/2021,,,,,,,,
121.0,5.8,39937.0,EFT,8/9/2022,,,,,,,,
122.0,2.8,27041.0,Cash,10/10/2020,,,,,,,,
123.0,2.6,48716.0,EFT,9/23/2023,,,,,,,,
124.0,5.1,47216.0,Pay Order,12/14/2021,,,,,,,,
125.0,4.8,44651.0,Pay Order,12/11/2023,,,,,,,,
126.0,4.5,45666.0,EFT,9/5/2023,,,,,,,,
127.0,3.1,4248.0,Cheque,8/23/2023,,,,,,,,
128.0,4.7,37524.0,Cheque,10/1/2020,,,,,,,,
129.0,4.9,19278.0,Cash,7/30/2020,,,,,,,,
130.0,4.9,21801.0,Draft,11/23/2023,,,,,,,,
131.0,2.8,9862.0,Cash,10/23/2023,,,,,,,,
132.0,,18488.0,Pay Order,2/10/2023,,,,,,,,
133.0,3.5,13758.0,EFT,8/28/2019,,,,,,,,
134.0,4.2,45578.0,Cheque,11/24/2019,,,,,,,,
135.0,2.9,8523.0,Pay Order,8/3/2022,,,,,,,,
136.0,2.6,17905.0,Cash,5/4/2023,,,,,,,,
137.0,4.6,20414.0,Cheque,5/30/2019,,,,,,,,
138.0,2.1,17455.0,Cash,11/2/2023,,,,,,,,
139.0,2.2,34176.0,Cheque,11/28/2023,,,,,,,,
140.0,4.3,24826.0,Pay Order,3/4/2020,,,,,,,,
141.0,5.2,41805.0,Cash,10/27/2020,,,,,,,,
142.0,,7344.0,Draft,10/11/2021,,,,,,,,
143.0,2.8,14311.0,Cheque,12/12/2023,,,,,,,,
144.0,4.5,43850.0,EFT,1/17/2019,,,,,,,,
145.0,5.9,11212.0,Cash,4/19/2022,,,,,,,,
146.0,4.0,19978.0,EFT,12/27/2022,,,,,,,,
147.0,2.9,20846.0,Cheque,8/14/2019,,,,,,,,
148.0,4.3,29088.0,Draft,8/19/2023,,,,,,,,
149.0,3.2,30331.0,EFT,11/5/2022,,,,,,,,
150.0,,33522.0,EFT,3/30/2020,,,,,,,,
151.0,3.1,39277.0,Cheque,1/20/2022,,,,,,,,
152.0,2.5,11285.0,Pay Order,7/7/2019,,,,,,,,
153.0,,38708.0,Cash,9/18/2020,,,,,,,,
154.0,,16633.0,Pay Order,10/12/2020,,,,,,,,
155.0,2.2,22250.0,Draft,6/8/2021,,,,,,,,
156.0,3.2,12042.0,Cheque,3/2/2020,,,,,,,,
157.0,4.5,34019.0,Cheque,12/23/2021,,,,,,,,
158.0,4.6,45912.0,Cash,12/16/2023,,,,,,,,
159.0,4.9,49645.0,Cheque,9/24/2021,,,,,,,,
160.0,2.2,37327.0,Draft,11/24/2020,,,,,,,,
161.0,5.6,31918.0,EFT,5/20/2022,,,,,,,,
162.0,3.6,13804.0,Pay Order,4/6/2021,,,,,,,,
163.0,4.9,19575.0,Draft,1/27/2021,,,,,,,,
164.0,2.4,27691.0,Pay Order,2/2/2020,,,,,,,,
165.0,2.3,34548.0,Cash,8/11/2019,,,,,,,,
166.0,2.8,11454.0,Pay Order,7/16/2021,,,,,,,,
167.0,5.3,8020.0,Cash,6/6/2022,,,,,,,,
168.0,3.7,16148.0,Draft,10/17/2019,,,,,,,,
169.0,5.3,47114.0,Cheque,2/12/2019,,,,,,,,
170.0,3.4,28729.0,Draft,2/13/2019,,,,,,,,
171.0,3.6,48752.0,Cash,7/10/2021,,,,,,,,
172.0,4.7,7487.0,Draft,12/31/2022,,,,,,,,
173.0,5.1,1054.0,Cheque,12/28/2022,,,,,,,,
174.0,,35410.0,EFT,12/10/2019,,,,,,,,
175.0,5.6,13067.0,Pay Order,4/9/2020,,,,,,,,
176.0,,37810.0,Draft,4/9/2022,,,,,,,,
177.0,5.3,15698.0,Pay Order,11/3/2022,,,,,,,,
178.0,5.0,3930.0,Cash,1/19/2023,,,,,,,,
179.0,5.0,22780.0,Pay Order,6/24/2021,,,,,,,,
180.0,4.4,5737.0,Cash,5/24/2021,,,,,,,,
181.0,2.6,24325.0,Draft,7/7/2022,,,,,,,,
182.0,2.7,8902.0,EFT,8/28/2021,,,,,,,,
183.0,2.3,21610.0,Cash,9/27/2019,,,,,,,,
184.0,3.5,20018.0,Draft,10/30/2021,,,,,,,,
185.0,5.3,6448.0,Pay Order,11/29/2022,,,,,,,,
186.0,4.6,29180.0,Cheque,12/27/2019,,,,,,,,
187.0,2.8,25161.0,Cash,9/6/2022,,,,,,,,
188.0,2.1,9472.0,EFT,3/9/2022,,,,,,,,
189.0,6.0,19487.0,Draft,10/19/2019,,,,,,,,
190.0,5.0,38243.0,Cheque,10/3/2019,,,,,,,,
191.0,3.3,27232.0,EFT,7/20/2020,,,,,,,,
192.0,3.1,8131.0,Cash,4/14/2022,,,,,,,,
193.0,,20193.0,EFT,2/4/2020,,,,,,,,
194.0,2.7,17116.0,Pay Order,1/29/2022,,,,,,,,
195.0,,16085.0,Cheque,7/31/2019,,,,,,,,
196.0,4.9,5970.0,EFT,1/13/2019,,,,,,,,
197.0,4.6,18660.0,Draft,8/9/2019,,,,,,,,
198.0,4.2,29379.0,Cheque,9/2/2022,,,,,,,,
199.0,4.1,25494.0,EFT,8/1/2019,,,,,,,,
200.0,4.5,49072.0,Draft,8/1/2023,,,,,,,,
201.0,3.6,38361.0,Pay Order,2/8/2020,,,,,,,,
202.0,5.1,16281.0,Draft,12/21/2021,,,,,,,,
203.0,4.7,7035.0,Cheque,5/4/2022,,,,,,,,
204.0,2.5,30142.0,Draft,10/6/2022,,,,,,,,
205.0,2.4,39839.0,Cash,3/13/2021,,,,,,,,
206.0,5.4,38072.0,Draft,8/15/2023,,,,,,,,
207.0,3.1,27686.0,Pay Order,10/31/2022,,,,,,,,
208.0,3.9,35403.0,EFT,5/16/2021,,,,,,,,
209.0,3.9,36094.0,Cash,5/9/2023,,,,,,,,
210.0,2.4,12282.0,Cash,8/2/2021,,,,,,,,
211.0,5.1,18433.0,EFT,3/5/2019,,,,,,,,
212.0,2.1,5929.0,Cash,2/6/2023,,,,,,,,
213.0,5.4,28226.0,Cash,4/15/2020,,,,,,,,
214.0,2.5,7987.0,EFT,11/26/2019,,,,,,,,
215.0,3.3,37975.0,Cash,8/24/2022,,,,,,,,
216.0,5.2,36687.0,EFT,5/31/2022,,,,,,,,
217.0,4.5,28877.0,Cash,4/19/2023,,,,,,,,
218.0,5.3,19215.0,Pay Order,10/13/2019,,,,,,,,
219.0,,30962.0,Pay Order,3/19/2019,,,,,,,,
220.0,,12752.0,Draft,9/23/2019,,,,,,,,
221.0,5.9,33105.0,Cheque,11/2/2021,,,,,,,,
222.0,2.4,7127.0,Pay Order,4/16/2020,,,,,,,,
223.0,5.9,5224.0,Draft,10/21/2020,,,,,,,,
224.0,2.4,2909.0,Draft,4/20/2020,,,,,,,,
225.0,5.0,48637.0,Draft,1/8/2023,,,,,,,,
226.0,2.2,37067.0,Cheque,6/11/2021,,,,,,,,
227.0,3.8,2902.0,Draft,4/3/2023,,,,,,,,
228.0,3.9,16803.0,EFT,11/21/2023,,,,,,,,
229.0,3.5,40128.0,Draft,2/2/2020,,,,,,,,
230.0,3.7,34886.0,Cash,9/1/2022,,,,,,,,
231.0,5.8,39498.0,Pay Order,8/18/2020,,,,,,,,
232.0,5.0,12644.0,Cash,3/15/2022,,,,,,,,
233.0,5.6,26542.0,EFT,3/18/2023,,,,,,,,
234.0,5.7,21110.0,Pay Order,12/13/2020,,,,,,,,
235.0,,17626.0,EFT,1/8/2019,,,,,,,,
236.0,4.3,12723.0,Cash,9/10/2022,,,,,,,,
237.0,4.1,21819.0,Pay Order,2/27/2023,,,,,,,,
238.0,5.6,18943.0,Cheque,9/4/2019,,,,,,,,
239.0,4.3,19250.0,Cheque,2/27/2020,,,,,,,,
240.0,4.2,46423.0,Cheque,2/11/2021,,,,,,,,
241.0,5.6,9646.0,Pay Order,10/3/2019,,,,,,,,
242.0,2.7,45424.0,Cash,10/15/2019,,,,,,,,
243.0,2.4,15241.0,EFT,10/9/2020,,,,,,,,
244.0,5.7,35075.0,Cheque,10/22/2022,,,,,,,,
245.0,5.1,25530.0,Pay Order,5/16/2020,,,,,,,,
246.0,5.7,35138.0,Pay Order,10/12/2021,,,,,,,,
247.0,5.1,27953.0,Draft,6/23/2019,,,,,,,,
248.0,4.0,48544.0,Cheque,10/29/2019,,,,,,,,
249.0,3.8,7938.0,EFT,8/1/2019,,,,,,,,
250.0,4.6,13454.0,Cash,1/26/2019,,,,,,,,
251.0,5.0,25100.0,Pay Order,3/17/2020,,,,,,,,
252.0,,30785.0,Pay Order,7/17/2022,,,,,,,,
253.0,,14603.0,Cash,10/16/2022,,,,,,,,
254.0,2.5,41421.0,Pay Order,8/13/2021,,,,,,,,
255.0,4.6,25644.0,EFT,4/19/2021,,,,,,,,
256.0,2.3,48921.0,Cheque,2/16/2023,,,,,,,,
257.0,2.6,13840.0,Pay Order,3/29/2019,,,,,,,,
258.0,5.7,34603.0,Cash,1/20/2021,,,,,,,,
259.0,2.3,30079.0,Pay Order,4/8/2023,,,,,,,,
260.0,3.3,30272.0,EFT,12/21/2023,,,,,,,,
261.0,2.7,8209.0,Pay Order,12/24/2021,,,,,,,,
262.0,2.4,1106.0,Cash,2/12/2021,,,,,,,,
263.0,2.5,15513.0,Cheque,12/17/2021,,,,,,,,
264.0,3.2,26806.0,Cheque,9/11/2019,,,,,,,,
265.0,3.6,11406.0,Cash,1/8/2019,,,,,,,,
266.0,3.9,1911.0,Pay Order,4/25/2019,,,,,,,,
267.0,5.0,12915.0,Cash,11/17/2022,,,,,,,,
268.0,4.8,33026.0,EFT,10/5/2019,,,,,,,,
269.0,,11828.0,Draft,9/21/2020,,,,,,,,
270.0,5.8,39780.0,Cheque,7/4/2019,,,,,,,,
271.0,2.9,34988.0,Pay Order,5/27/2020,,,,,,,,
272.0,4.1,20439.0,Cheque,6/4/2021,,,,,,,,
273.0,2.7,18447.0,EFT,1/22/2019,,,,,,,,
274.0,4.1,33578.0,EFT,5/1/2020,,,,,,,,
275.0,3.6,28711.0,Pay Order,2/6/2020,,,,,,,,
276.0,4.1,33694.0,Draft,9/22/2023,,,,,,,,
277.0,5.3,24914.0,EFT,9/7/2021,,,,,,,,
278.0,3.7,10476.0,Draft,8/17/2019,,,,,,,,
279.0,4.8,10230.0,EFT,1/24/2022,,,,,,,,
280.0,2.0,24644.0,Cash,9/24/2020,,,,,,,,
281.0,2.6,29006.0,EFT,1/11/2022,,,,,,,,
282.0,4.6,27636.0,Cheque,4/24/2023,,,,,,,,
283.0,2.6,15777.0,Pay Order,10/28/2023,,,,,,,,
284.0,5.8,35976.0,Draft,7/13/2023,,,,,,,,
285.0,4.6,18436.0,Draft,9/11/2021,,,,,,,,
286.0,4.4,25923.0,Cheque,6/11/2023,,,,,,,,
287.0,3.3,46420.0,Draft,8/25/2022,,,,,,,,
288.0,2.4,39082.0,Pay Order,7/2/2020,,,,,,,,
289.0,3.2,16278.0,Cash,9/20/2020,,,,,,,,
290.0,3.9,19489.0,Cash,2/15/2019,,,,,,,,
291.0,4.4,21553.0,Pay Order,8/20/2022,,,,,,,,
292.0,3.1,15377.0,Cheque,6/15/2022,,,,,,,,
293.0,,48459.0,Cash,12/12/2020,,,,,,,,
294.0,2.9,45075.0,Pay Order,2/18/2021,,,,,,,,
295.0,2.1,20823.0,EFT,6/29/2021,,,,,,,,
296.0,5.1,49299.0,Pay Order,1/12/2023,,,,,,,,
297.0,2.9,38204.0,Cash,11/8/2021,,,,,,,,
298.0,5.0,22282.0,Cheque,3/2/2021,,,,,,,,
299.0,3.7,26323.0,Cheque,1/16/2019,,,,,,,,
300.0,2.4,45490.0,Draft,12/24/2023,,,,,,,,
301.0,5.8,17983.0,EFT,12/21/2021,,,,,,,,
302.0,3.6,8700.0,Cheque,6/25/2020,,,,,,,,
303.0,5.0,6577.0,Pay Order,11/12/2023,,,,,,,,
304.0,,34362.0,Draft,2/1/2021,,,,,,,,
305.0,3.5,16318.0,Pay Order,1/22/2020,,,,,,,,
306.0,5.6,2804.0,Cheque,9/5/2022,,,,,,,,
307.0,4.9,22785.0,Draft,12/20/2022,,,,,,,,
308.0,4.1,33371.0,EFT,8/21/2023,,,,,,,,
309.0,5.8,42865.0,Draft,9/26/2021,,,,,,,,
310.0,4.7,12251.0,Cheque,8/5/2023,,,,,,,,
311.0,2.9,37176.0,Draft,12/25/2023,,,,,,,,
312.0,5.6,16478.0,Cash,8/2/2020,,,,,,,,
313.0,3.0,43605.0,EFT,7/24/2020,,,,,,,,
314.0,,19616.0,Cheque,2/11/2019,,,,,,,,
315.0,4.4,41311.0,Draft,11/12/2023,,,,,,,,
316.0,4.4,29417.0,EFT,10/30/2023,,,,,,,,
317.0,3.9,32899.0,Cheque,9/11/2022,,,,,,,,
318.0,2.6,22095.0,Pay Order,5/7/2019,,,,,,,,
319.0,,43623.0,EFT,1/3/2022,,,,,,,,
320.0,,26507.0,Cheque,7/29/2020,,,,,,,,
321.0,4.4,36432.0,Pay Order,6/17/2022,,,,,,,,
322.0,4.1,25278.0,Pay Order,9/2/2023,,,,,,,,
323.0,,25248.0,Cheque,5/28/2022,,,,,,,,
324.0,3.0,23054.0,Cheque,9/7/2023,,,,,,,,
325.0,,47563.0,EFT,4/7/2021,,,,,,,,
326.0,5.8,18893.0,Cash,4/22/2021,,,,,,,,
327.0,5.0,34010.0,EFT,4/4/2020,,,,,,,,
328.0,,41796.0,Cheque,3/12/2022,,,,,,,,
329.0,3.5,24442.0,EFT,7/29/2023,,,,,,,,
330.0,,40283.0,Cheque,5/8/2023,,,,,,,,
331.0,5.1,11896.0,Cheque,1/28/2021,,,,,,,,
332.0,,4577.0,Draft,5/29/2019,,,,,,,,
333.0,4.1,5993.0,Pay Order,10/2/2022,,,,,,,,
334.0,5.6,41082.0,Cash,7/23/2019,,,,,,,,
335.0,3.6,5721.0,Cash,8/20/2020,,,,,,,,
336.0,4.8,15945.0,Pay Order,3/31/2020,,,,,,,,
337.0,3.3,39089.0,Cheque,3/26/2019,,,,,,,,
338.0,3.5,49265.0,Cash,12/13/2019,,,,,,,,
339.0,5.8,3253.0,Pay Order,4/24/2021,,,,,,,,
340.0,,47027.0,Cheque,10/26/2021,,,,,,,,
341.0,3.0,35299.0,Pay Order,8/22/2022,,,,,,,,
342.0,5.0,32093.0,EFT,12/3/2022,,,,,,,,
343.0,2.1,6212.0,EFT,3/7/2022,,,,,,,,
344.0,,22584.0,Cash,6/28/2020,,,,,,,,
345.0,2.1,41730.0,Cash,11/6/2020,,,,,,,,
346.0,4.0,15735.0,EFT,7/31/2023,,,,,,,,
347.0,2.6,43910.0,EFT,9/28/2023,,,,,,,,
348.0,3.6,47238.0,Cheque,9/15/2021,,,,,,,,
349.0,3.6,49893.0,EFT,4/25/2019,,,,,,,,
350.0,2.3,40647.0,Cash,9/10/2019,,,,,,,,
351.0,4.5,44270.0,Pay Order,1/3/2023,,,,,,,,
352.0,5.3,37843.0,Draft,7/15/2021,,,,,,,,
353.0,5.1,27511.0,Cash,6/4/2019,,,,,,,,
354.0,3.1,35372.0,Draft,5/29/2019,,,,,,,,
355.0,4.3,47659.0,Draft,9/9/2022,,,,,,,,
356.0,3.9,26435.0,Pay Order,7/10/2019,,,,,,,,
357.0,2.1,31836.0,Pay Order,6/22/2023,,,,,,,,
358.0,2.8,9005.0,Cheque,3/11/2023,,,,,,,,
359.0,4.8,12808.0,Cheque,1/7/2020,,,,,,,,
360.0,3.2,23612.0,Cheque,12/19/2021,,,,,,,,
361.0,3.0,27612.0,Cheque,1/6/2023,,,,,,,,
362.0,2.4,40653.0,Draft,3/22/2019,,,,,,,,
363.0,4.8,39295.0,Cash,4/24/2023,,,,,,,,
364.0,4.8,6539.0,Cheque,1/29/2023,,,,,,,,
365.0,5.0,25849.0,EFT,7/2/2023,,,,,,,,
366.0,,32880.0,Draft,6/22/2020,,,,,,,,
367.0,4.7,46161.0,Cheque,7/9/2023,,,,,,,,
368.0,5.2,30492.0,Cash,10/24/2023,,,,,,,,
369.0,5.7,35814.0,Cash,3/24/2021,,,,,,,,
370.0,5.1,4519.0,Cheque,12/4/2023,,,,,,,,
371.0,4.7,20914.0,Draft,1/30/2022,,,,,,,,
372.0,2.0,21683.0,EFT,2/6/2020,,,,,,,,
373.0,4.2,41002.0,Cash,8/25/2022,,,,,,,,
374.0,,6875.0,Draft,10/10/2023,,,,,,,,
375.0,5.4,28727.0,Draft,3/28/2020,,,,,,,,
376.0,,37710.0,Pay Order,10/5/2023,,,,,,,,
377.0,5.7,18847.0,Draft,7/14/2022,,,,,,,,
378.0,2.9,24008.0,Cheque,9/27/2021,,,,,,,,
379.0,4.5,3160.0,EFT,4/3/2020,,,,,,,,
380.0,4.8,42069.0,EFT,7/31/2023,,,,,,,,
381.0,2.3,21430.0,Cheque,5/12/2023,,,,,,,,
382.0,2.2,24039.0,Cheque,7/12/2021,,,,,,,,
383.0,4.8,9997.0,Draft,11/30/2019,,,,,,,,
384.0,,9415.0,Draft,9/6/2022,,,,,,,,
385.0,4.7,26084.0,Pay Order,5/19/2020,,,,,,,,
386.0,3.8,48129.0,EFT,4/2/2023,,,,,,,,
387.0,6.0,49206.0,EFT,12/18/2022,,,,,,,,
388.0,3.4,12554.0,Pay Order,6/16/2023,,,,,,,,
389.0,2.3,2678.0,Draft,5/11/2020,,,,,,,,
390.0,2.9,32057.0,Cheque,7/12/2019,,,,,,,,
391.0,3.8,1658.0,EFT,11/6/2020,,,,,,,,
392.0,5.6,1025.0,Cash,1/26/2022,,,,,,,,
393.0,2.4,12777.0,Cash,10/31/2023,,,,,,,,
394.0,4.5,42979.0,Pay Order,10/25/2020,,,,,,,,
395.0,3.9,37581.0,Cash,7/24/2021,,,,,,,,
396.0,,17884.0,EFT,4/15/2023,,,,,,,,
397.0,2.3,31710.0,Pay Order,2/18/2021,,,,,,,,
398.0,4.6,10728.0,EFT,12/2/2020,,,,,,,,
399.0,2.8,24550.0,Pay Order,7/27/2022,,,,,,,,
400.0,4.7,48837.0,EFT,12/30/2019,,,,,,,,
401.0,4.2,17340.0,Cash,11/27/2020,,,,,,,,
402.0,3.9,6761.0,EFT,5/13/2020,,,,,,,,
403.0,3.2,26728.0,EFT,2/10/2022,,,,,,,,
404.0,5.7,15183.0,Cash,11/6/2020,,,,,,,,
405.0,4.9,14292.0,Draft,7/27/2020,,,,,,,,
406.0,,27632.0,Pay Order,7/20/2019,,,,,,,,
407.0,2.6,15128.0,Pay Order,8/18/2023,,,,,,,,
408.0,,29500.0,Cheque,11/5/2021,,,,,,,,
409.0,5.2,26570.0,Cash,7/28/2022,,,,,,,,
410.0,4.2,22012.0,Cheque,5/27/2021,,,,,,,,
411.0,5.3,47208.0,Cheque,9/6/2020,,,,,,,,
412.0,3.1,12356.0,Cheque,12/11/2023,,,,,,,,
413.0,3.1,47608.0,Cash,6/10/2023,,,,,,,,
414.0,5.8,49828.0,Draft,1/2/2023,,,,,,,,
415.0,3.8,48012.0,Pay Order,3/5/2019,,,,,,,,
416.0,2.3,32915.0,Cash,9/20/2021,,,,,,,,
417.0,2.5,46998.0,Draft,6/23/2023,,,,,,,,
418.0,3.2,33881.0,EFT,5/29/2021,,,,,,,,
419.0,3.0,21844.0,Cash,1/18/2019,,,,,,,,
420.0,2.3,34167.0,Cash,4/27/2021,,,,,,,,
421.0,5.8,33682.0,Pay Order,10/6/2019,,,,,,,,
422.0,3.5,16640.0,Draft,1/4/2020,,,,,,,,
423.0,2.2,8939.0,Cash,1/5/2019,,,,,,,,
424.0,3.9,11981.0,Draft,9/11/2020,,,,,,,,
425.0,5.9,45581.0,Cash,3/23/2023,,,,,,,,
426.0,3.1,31111.0,Cash,12/4/2021,,,,,,,,
427.0,3.0,10586.0,Cash,7/21/2020,,,,,,,,
428.0,3.6,5997.0,EFT,7/26/2022,,,,,,,,
429.0,4.4,23642.0,Cheque,6/23/2020,,,,,,,,
430.0,4.4,46457.0,Draft,6/27/2022,,,,,,,,
431.0,4.5,3036.0,Cash,3/2/2019,,,,,,,,
432.0,2.1,36879.0,Pay Order,9/21/2022,,,,,,,,
433.0,5.9,7739.0,Cash,2/16/2022,,,,,,,,
434.0,5.1,47534.0,Cash,1/2/2021,,,,,,,,
435.0,4.9,15761.0,Cheque,5/15/2020,,,,,,,,
436.0,3.2,8882.0,EFT,8/10/2022,,,,,,,,
437.0,3.9,16112.0,Cash,2/19/2019,,,,,,,,
438.0,4.2,46724.0,EFT,8/2/2019,,,,,,,,
439.0,4.3,15250.0,Draft,2/11/2020,,,,,,,,
440.0,5.5,27847.0,Cash,8/22/2022,,,,,,,,
441.0,5.0,14971.0,EFT,4/16/2023,,,,,,,,
442.0,4.5,41425.0,EFT,9/2/2021,,,,,,,,
443.0,,48787.0,Cheque,6/13/2022,,,,,,,,
444.0,3.1,6280.0,Draft,1/20/2019,,,,,,,,
445.0,4.8,41240.0,Cheque,8/11/2022,,,,,,,,
446.0,4.2,34887.0,Cash,10/11/2022,,,,,,,,
447.0,5.2,2539.0,Cash,4/16/2019,,,,,,,,
448.0,2.7,42456.0,Cash,10/21/2020,,,,,,,,
449.0,3.0,25827.0,Pay Order,9/15/2023,,,,,,,,
450.0,3.6,10247.0,Draft,4/10/2023,,,,,,,,
451.0,4.4,8398.0,EFT,1/15/2022,,,,,,,,
452.0,,25956.0,Cash,3/27/2022,,,,,,,,
453.0,3.7,46873.0,Draft,3/31/2020,,,,,,,,
454.0,3.8,42447.0,Draft,12/10/2021,,,,,,,,
455.0,4.4,25659.0,Cheque,7/16/2023,,,,,,,,
456.0,4.1,39367.0,Cheque,7/17/2023,,,,,,,,
457.0,4.9,32522.0,Cash,4/16/2021,,,,,,,,
458.0,3.7,26252.0,Cash,12/21/2019,,,,,,,,
459.0,4.4,28087.0,Pay Order,6/12/2021,,,,,,,,
460.0,4.0,13718.0,Draft,2/16/2020,,,,,,,,
461.0,3.3,25970.0,Draft,6/24/2021,,,,,,,,
462.0,2.6,49068.0,Draft,7/5/2020,,,,,,,,
463.0,3.8,1643.0,EFT,10/19/2022,,,,,,,,
464.0,5.3,37128.0,EFT,5/5/2019,,,,,,,,
465.0,4.3,44944.0,Cheque,3/31/2019,,,,,,,,
466.0,4.5,4877.0,EFT,7/26/2019,,,,,,,,
467.0,5.6,22347.0,Cheque,3/13/2021,,,,,,,,
468.0,2.9,46020.0,Pay Order,10/28/2023,,,,,,,,
469.0,3.6,8770.0,Cheque,5/10/2020,,,,,,,,
470.0,2.9,48735.0,Pay Order,7/24/2019,,,,,,,,
471.0,4.9,44491.0,EFT,12/16/2020,,,,,,,,
472.0,4.6,3771.0,EFT,11/6/2022,,,,,,,,
473.0,2.3,22319.0,Pay Order,4/6/2023,,,,,,,,
474.0,2.9,20329.0,Draft,9/10/2019,,,,,,,,
475.0,,26632.0,EFT,12/25/2021,,,,,,,,
476.0,2.4,31944.0,Draft,6/22/2022,,,,,,,,
477.0,3.9,19954.0,Cheque,10/9/2022,,,,,,,,
478.0,3.4,42694.0,Draft,7/16/2021,,,,,,,,
479.0,3.3,38541.0,EFT,9/28/2021,,,,,,,,
480.0,4.6,28934.0,Cash,4/30/2022,,,,,,,,
481.0,2.5,15181.0,EFT,8/21/2021,,,,,,,,
482.0,2.3,18247.0,Pay Order,8/8/2022,,,,,,,,
483.0,3.1,45764.0,Pay Order,12/17/2022,,,,,,,,
484.0,3.2,29165.0,Pay Order,12/30/2019,,,,,,,,
485.0,5.9,25494.0,Pay Order,5/18/2022,,,,,,,,
486.0,3.8,38470.0,Cheque,11/30/2022,,,,,,,,
487.0,5.2,44152.0,Cheque,10/30/2022,,,,,,,,
488.0,5.3,9356.0,EFT,11/2/2022,,,,,,,,
489.0,2.1,46249.0,Cash,8/28/2020,,,,,,,,
490.0,4.1,17990.0,Cash,11/11/2019,,,,,,,,
491.0,4.6,48514.0,Cash,1/11/2021,,,,,,,,
492.0,4.0,813.0,Pay Order,3/5/2019,,,,,,,,
493.0,5.9,45195.0,EFT,3/27/2023,,,,,,,,
494.0,2.3,13803.0,Cheque,6/15/2021,,,,,,,,
495.0,5.0,38817.0,Cash,7/24/2020,,,,,,,,
496.0,3.9,27260.0,EFT,9/1/2023,,,,,,,,
497.0,3.1,20115.0,Cash,12/12/2022,,,,,,,,
498.0,4.8,3446.0,Pay Order,10/4/2023,,,,,,,,
499.0,3.8,26830.0,Cheque,8/8/2021,,,,,,,,
500.0,2.5,19387.0,EFT,12/24/2023,,,,,,,,
501.0,4.8,41859.0,Cash,7/20/2020,,,,,,,,
502.0,5.4,38144.0,Cheque,8/8/2019,,,,,,,,
503.0,4.1,18144.0,Cheque,3/26/2022,,,,,,,,
504.0,4.3,30783.0,EFT,2/19/2023,,,,,,,,
505.0,3.9,8166.0,Pay Order,11/5/2023,,,,,,,,
506.0,5.2,37534.0,Draft,4/14/2021,,,,,,,,
507.0,2.3,14957.0,Cash,1/6/2019,,,,,,,,
508.0,2.3,28096.0,Draft,1/3/2020,,,,,,,,
509.0,3.2,38110.0,EFT,10/28/2021,,,,,,,,
510.0,2.4,38099.0,EFT,3/23/2020,,,,,,,,
511.0,4.0,29436.0,EFT,7/29/2019,,,,,,,,
512.0,2.5,21926.0,Cash,5/11/2022,,,,,,,,
513.0,4.2,35212.0,EFT,1/29/2023,,,,,,,,
514.0,3.6,42839.0,Cash,9/25/2020,,,,,,,,
515.0,4.4,21485.0,Cheque,12/24/2020,,,,,,,,
516.0,,26837.0,Draft,10/28/2023,,,,,,,,
517.0,4.0,10283.0,Draft,9/21/2022,,,,,,,,
518.0,2.9,25270.0,Cash,12/19/2021,,,,,,,,
519.0,4.9,48717.0,Draft,5/1/2022,,,,,,,,
520.0,3.5,11674.0,Draft,8/23/2023,,,,,,,,
521.0,4.9,34810.0,Cash,4/22/2023,,,,,,,,
522.0,5.0,27861.0,EFT,11/28/2019,,,,,,,,
523.0,2.2,2569.0,Cheque,9/24/2023,,,,,,,,
524.0,4.5,24731.0,Cheque,4/5/2022,,,,,,,,
525.0,3.5,12064.0,EFT,6/23/2019,,,,,,,,
526.0,4.5,1813.0,Pay Order,7/7/2022,,,,,,,,
527.0,,36056.0,Pay Order,4/22/2020,,,,,,,,
528.0,3.8,47458.0,Draft,12/15/2022,,,,,,,,
529.0,2.2,40945.0,Cheque,6/13/2021,,,,,,,,
530.0,3.4,44170.0,Cash,8/24/2019,,,,,,,,
531.0,5.3,20531.0,EFT,9/16/2022,,,,,,,,
532.0,5.2,931.0,Cheque,12/2/2020,,,,,,,,
533.0,3.4,26140.0,Pay Order,7/9/2019,,,,,,,,
534.0,2.6,42771.0,Cash,6/18/2019,,,,,,,,
535.0,5.0,1051.0,EFT,4/24/2019,,,,,,,,
536.0,3.3,17139.0,Draft,7/20/2022,,,,,,,,
537.0,4.8,45484.0,EFT,10/29/2021,,,,,,,,
538.0,3.2,18341.0,Draft,2/26/2023,,,,,,,,
539.0,2.1,49893.0,Draft,3/29/2020,,,,,,,,
540.0,2.7,16373.0,EFT,8/16/2019,,,,,,,,
541.0,5.7,30197.0,Cheque,3/12/2022,,,,,,,,
542.0,3.9,22295.0,Draft,4/3/2021,,,,,,,,
543.0,5.6,17485.0,Cheque,4/5/2021,,,,,,,,
544.0,3.4,9435.0,EFT,10/21/2023,,,,,,,,
545.0,4.8,19541.0,Cheque,3/3/2020,,,,,,,,
546.0,4.2,7108.0,Cash,6/14/2021,,,,,,,,
547.0,2.8,13786.0,Cheque,12/24/2023,,,,,,,,
548.0,2.3,48000.0,EFT,12/19/2021,,,,,,,,
549.0,4.6,38089.0,EFT,8/6/2021,,,,,,,,
550.0,5.3,46639.0,EFT,8/3/2022,,,,,,,,
551.0,2.7,11961.0,Cheque,1/18/2022,,,,,,,,
552.0,3.7,40476.0,Cash,12/12/2020,,,,,,,,
553.0,4.8,35162.0,Draft,11/16/2020,,,,,,,,
554.0,2.2,27431.0,Cash,3/5/2023,,,,,,,,
555.0,3.0,17260.0,Pay Order,3/9/2020,,,,,,,,
556.0,4.4,49148.0,Draft,8/13/2020,,,,,,,,
557.0,4.9,38895.0,EFT,5/1/2019,,,,,,,,
558.0,4.5,16373.0,Draft,5/19/2020,,,,,,,,
559.0,4.2,18646.0,Cash,12/14/2023,,,,,,,,
560.0,4.2,6323.0,Cash,3/16/2021,,,,,,,,
561.0,3.1,23452.0,Cheque,4/1/2019,,,,,,,,
562.0,3.8,46972.0,Draft,10/29/2019,,,,,,,,
563.0,5.9,12320.0,Cash,3/16/2020,,,,,,,,
564.0,2.3,24400.0,EFT,1/13/2021,,,,,,,,
565.0,2.5,3126.0,EFT,2/5/2020,,,,,,,,
566.0,2.6,49630.0,Cheque,12/27/2023,,,,,,,,
567.0,2.1,41167.0,Cash,10/6/2022,,,,,,,,
568.0,4.5,10202.0,Draft,1/26/2023,,,,,,,,
569.0,2.8,40898.0,EFT,2/15/2020,,,,,,,,
570.0,5.0,41137.0,EFT,3/15/2019,,,,,,,,
571.0,3.6,28204.0,Draft,3/28/2023,,,,,,,,
572.0,2.3,22614.0,Cheque,11/26/2023,,,,,,,,
573.0,6.0,19689.0,Cash,1/12/2019,,,,,,,,
574.0,5.1,23463.0,Draft,1/21/2022,,,,,,,,
575.0,5.0,11891.0,Cheque,11/21/2021,,,,,,,,
576.0,5.9,24879.0,Pay Order,3/13/2023,,,,,,,,
577.0,4.5,33275.0,Draft,5/12/2022,,,,,,,,
578.0,5.7,15822.0,Draft,1/19/2023,,,,,,,,
579.0,4.5,30100.0,EFT,7/1/2023,,,,,,,,
580.0,5.3,33468.0,Cash,9/5/2021,,,,,,,,
581.0,3.7,18816.0,EFT,5/25/2021,,,,,,,,
582.0,2.8,41940.0,EFT,12/2/2023,,,,,,,,
583.0,3.6,12741.0,Cheque,2/16/2020,,,,,,,,
584.0,,40062.0,Draft,12/14/2021,,,,,,,,
585.0,3.0,3527.0,Cheque,7/19/2020,,,,,,,,
586.0,4.6,41524.0,EFT,7/29/2022,,,,,,,,
587.0,5.9,33978.0,Pay Order,3/29/2023,,,,,,,,
588.0,4.0,49756.0,Pay Order,5/7/2020,,,,,,,,
589.0,4.2,42800.0,EFT,10/25/2020,,,,,,,,
590.0,3.7,41369.0,Cheque,1/11/2023,,,,,,,,
591.0,4.7,15439.0,Cheque,3/23/2022,,,,,,,,
592.0,2.3,29042.0,EFT,11/19/2020,,,,,,,,
593.0,3.6,29743.0,Pay Order,2/8/2023,,,,,,,,
594.0,3.2,43084.0,Cheque,7/30/2022,,,,,,,,
595.0,2.5,40787.0,EFT,5/30/2022,,,,,,,,
596.0,5.2,41090.0,EFT,4/28/2020,,,,,,,,
597.0,4.1,34782.0,Draft,6/19/2023,,,,,,,,
598.0,5.5,4658.0,Cheque,11/3/2020,,,,,,,,
599.0,3.7,47761.0,Cheque,7/21/2022,,,,,,,,
600.0,,2408.0,Pay Order,2/19/2020,,,,,,,,
601.0,4.8,34950.0,Pay Order,5/13/2019,,,,,,,,
602.0,5.0,48777.0,Draft,2/16/2020,,,,,,,,
603.0,3.4,44468.0,Cheque,7/21/2021,,,,,,,,
604.0,3.3,46656.0,Cheque,11/6/2021,,,,,,,,
605.0,5.8,31428.0,Cash,11/30/2021,,,,,,,,
606.0,3.2,45845.0,Cheque,4/1/2023,,,,,,,,
607.0,4.1,26453.0,Pay Order,2/19/2020,,,,,,,,
608.0,3.2,35431.0,EFT,6/30/2020,,,,,,,,
609.0,3.3,20756.0,Draft,4/10/2022,,,,,,,,
610.0,3.2,49899.0,Draft,6/23/2021,,,,,,,,
611.0,5.7,29212.0,EFT,6/3/2020,,,,,,,,
612.0,,49800.0,Cash,2/17/2021,,,,,,,,
613.0,4.3,8173.0,Pay Order,7/4/2022,,,,,,,,
614.0,2.1,41326.0,EFT,2/17/2023,,,,,,,,
615.0,2.4,10676.0,EFT,6/19/2020,,,,,,,,
616.0,3.7,10745.0,Cash,6/13/2019,,,,,,,,
617.0,,19067.0,Cash,12/12/2020,,,,,,,,
618.0,3.4,15073.0,Cheque,8/25/2021,,,,,,,,
619.0,,6264.0,Pay Order,3/18/2021,,,,,,,,
620.0,3.1,35875.0,Cheque,7/24/2021,,,,,,,,
621.0,5.7,21349.0,Draft,12/22/2019,,,,,,,,
622.0,,13752.0,Cheque,7/26/2022,,,,,,,,
623.0,4.0,15325.0,Cash,8/1/2021,,,,,,,,
624.0,5.3,17264.0,EFT,11/2/2022,,,,,,,,
625.0,4.3,12490.0,Pay Order,8/12/2019,,,,,,,,
626.0,2.7,30051.0,Pay Order,12/4/2022,,,,,,,,
627.0,5.2,30298.0,Cash,4/19/2022,,,,,,,,
628.0,5.4,43696.0,Pay Order,9/14/2023,,,,,,,,
629.0,3.6,23844.0,EFT,3/22/2020,,,,,,,,
630.0,4.9,17989.0,Cheque,3/27/2023,,,,,,,,
631.0,4.6,24461.0,EFT,1/11/2022,,,,,,,,
632.0,4.0,9779.0,Pay Order,4/16/2021,,,,,,,,
633.0,3.3,30728.0,Draft,12/1/2021,,,,,,,,
634.0,5.5,39447.0,Pay Order,7/3/2020,,,,,,,,
635.0,4.2,45667.0,Cheque,4/15/2023,,,,,,,,
636.0,3.9,46266.0,Cash,4/1/2020,,,,,,,,
637.0,3.8,40147.0,Cheque,6/2/2020,,,,,,,,
638.0,5.3,9223.0,Cheque,7/3/2023,,,,,,,,
639.0,3.3,41027.0,Draft,3/27/2021,,,,,,,,
640.0,2.4,48307.0,Cash,11/25/2020,,,,,,,,
641.0,4.6,14426.0,Cheque,6/23/2019,,,,,,,,
642.0,,9551.0,Cash,5/17/2022,,,,,,,,
643.0,2.4,6005.0,Cheque,1/5/2022,,,,,,,,
644.0,5.9,44830.0,Cash,4/30/2019,,,,,,,,
645.0,5.7,26429.0,Pay Order,2/6/2020,,,,,,,,
646.0,4.5,16571.0,Pay Order,2/21/2022,,,,,,,,
647.0,,27626.0,Cash,11/5/2020,,,,,,,,
648.0,2.9,37517.0,Draft,6/6/2021,,,,,,,,
649.0,2.9,16656.0,Draft,1/24/2020,,,,,,,,
650.0,3.8,12696.0,Draft,6/24/2021,,,,,,,,
651.0,2.9,41414.0,Pay Order,8/26/2023,,,,,,,,
652.0,4.8,10763.0,Pay Order,3/4/2020,,,,,,,,
653.0,2.7,31643.0,Cash,11/14/2019,,,,,,,,
654.0,2.5,2918.0,Cheque,11/4/2019,,,,,,,,
655.0,5.2,35369.0,EFT,12/12/2020,,,,,,,,
656.0,2.0,23344.0,EFT,6/4/2021,,,,,,,,
657.0,5.3,19575.0,Pay Order,11/9/2022,,,,,,,,
658.0,4.6,46501.0,EFT,3/12/2022,,,,,,,,
659.0,2.4,19705.0,EFT,3/9/2022,,,,,,,,
660.0,,4915.0,EFT,12/27/2023,,,,,,,,
661.0,3.5,25953.0,Cheque,10/21/2019,,,,,,,,
662.0,3.3,37190.0,Cash,12/28/2022,,,,,,,,
663.0,,21778.0,Pay Order,8/15/2021,,,,,,,,
664.0,3.5,28558.0,Cheque,11/17/2020,,,,,,,,
665.0,4.6,5335.0,EFT,9/5/2020,,,,,,,,
666.0,4.6,8277.0,Draft,6/18/2019,,,,,,,,
667.0,,38485.0,EFT,2/1/2022,,,,,,,,
668.0,,47070.0,Pay Order,11/9/2023,,,,,,,,
669.0,3.0,32847.0,Cheque,5/27/2019,,,,,,,,
670.0,3.9,9374.0,Cash,8/29/2019,,,,,,,,
671.0,,37178.0,Cheque,9/19/2019,,,,,,,,
672.0,5.7,9848.0,Draft,1/30/2021,,,,,,,,
673.0,2.2,43895.0,Pay Order,5/6/2023,,,,,,,,
674.0,3.8,5487.0,Draft,5/8/2019,,,,,,,,
675.0,3.7,18421.0,Cash,1/17/2019,,,,,,,,
676.0,3.7,20540.0,EFT,9/25/2022,,,,,,,,
677.0,5.3,2218.0,Draft,6/25/2019,,,,,,,,
678.0,5.8,1529.0,Cash,1/17/2019,,,,,,,,
679.0,2.0,17076.0,Draft,2/28/2020,,,,,,,,
680.0,5.0,43702.0,Pay Order,6/26/2019,,,,,,,,
681.0,2.1,13131.0,Pay Order,4/26/2023,,,,,,,,
682.0,3.3,46245.0,Cheque,12/3/2022,,,,,,,,
683.0,3.4,32951.0,Cheque,9/16/2022,,,,,,,,
684.0,4.8,13995.0,Cheque,9/12/2023,,,,,,,,
685.0,4.5,9763.0,Cheque,2/6/2022,,,,,,,,
686.0,3.1,27413.0,EFT,2/28/2022,,,,,,,,
687.0,3.6,24807.0,Pay Order,6/11/2020,,,,,,,,
688.0,4.2,42032.0,Draft,10/4/2021,,,,,,,,
689.0,4.6,47126.0,Cash,3/17/2023,,,,,,,,
690.0,5.6,20871.0,Cheque,11/9/2020,,,,,,,,
691.0,3.4,3684.0,Cheque,7/20/2019,,,,,,,,
692.0,2.3,27254.0,Cheque,7/8/2022,,,,,,,,
693.0,5.0,9004.0,Cash,10/23/2023,,,,,,,,
694.0,2.3,22800.0,Cheque,7/5/2020,,,,,,,,
695.0,,35988.0,Cheque,11/15/2020,,,,,,,,
696.0,4.7,48485.0,Cheque,2/15/2021,,,,,,,,
697.0,,18689.0,Pay Order,7/22/2022,,,,,,,,
698.0,2.5,45885.0,Cash,2/27/2022,,,,,,,,
699.0,3.4,49892.0,Draft,7/30/2020,,,,,,,,
700.0,5.8,1467.0,Draft,12/6/2022,,,,,,,,
701.0,,37976.0,Cheque,8/7/2021,,,,,,,,
702.0,3.7,8072.0,Cash,8/11/2022,,,,,,,,
703.0,4.6,24377.0,Cheque,10/28/2019,,,,,,,,
704.0,3.9,29224.0,Pay Order,3/13/2020,,,,,,,,
705.0,5.3,48557.0,Draft,11/20/2020,,,,,,,,
706.0,4.1,48208.0,Cash,4/27/2021,,,,,,,,
707.0,4.8,31842.0,Draft,7/26/2020,,,,,,,,
708.0,3.7,6759.0,Cheque,4/22/2020,,,,,,,,
709.0,5.0,3283.0,EFT,8/21/2020,,,,,,,,
710.0,3.3,27164.0,Pay Order,12/22/2023,,,,,,,,
711.0,3.0,27727.0,Cash,7/7/2020,,,,,,,,
712.0,3.8,39209.0,Cheque,3/6/2023,,,,,,,,
713.0,3.8,1421.0,EFT,1/20/2021,,,,,,,,
714.0,3.2,7548.0,EFT,4/17/2023,,,,,,,,
715.0,5.7,25840.0,Pay Order,6/8/2022,,,,,,,,
716.0,3.6,39086.0,EFT,8/17/2020,,,,,,,,
717.0,4.0,5672.0,EFT,1/5/2023,,,,,,,,
718.0,4.8,32636.0,Pay Order,11/26/2021,,,,,,,,
719.0,2.8,12914.0,EFT,3/13/2023,,,,,,,,
720.0,5.6,25662.0,Cash,6/22/2021,,,,,,,,
721.0,,35692.0,Pay Order,4/25/2021,,,,,,,,
722.0,2.6,45281.0,Pay Order,8/5/2020,,,,,,,,
723.0,3.4,49181.0,Pay Order,8/7/2022,,,,,,,,
724.0,,37590.0,Pay Order,8/4/2019,,,,,,,,
725.0,4.1,33457.0,Cash,4/16/2023,,,,,,,,
726.0,2.6,7625.0,Draft,3/4/2022,,,,,,,,
727.0,2.3,27539.0,Cheque,5/30/2021,,,,,,,,
728.0,2.7,23249.0,EFT,3/18/2019,,,,,,,,
729.0,3.4,25827.0,EFT,2/3/2021,,,,,,,,
730.0,,41461.0,Cash,1/4/2022,,,,,,,,
731.0,2.9,10954.0,EFT,10/28/2019,,,,,,,,
732.0,2.1,37102.0,EFT,1/10/2019,,,,,,,,
733.0,4.2,45323.0,Cash,8/3/2021,,,,,,,,
734.0,5.6,7246.0,Pay Order,5/17/2020,,,,,,,,
735.0,5.5,39981.0,EFT,5/1/2020,,,,,,,,
736.0,4.2,48035.0,Cash,2/25/2022,,,,,,,,
737.0,2.0,18156.0,EFT,11/10/2019,,,,,,,,
738.0,2.7,39243.0,Cheque,5/4/2022,,,,,,,,
739.0,2.9,26301.0,EFT,7/22/2021,,,,,,,,
740.0,5.4,8714.0,Draft,12/7/2021,,,,,,,,
741.0,2.6,44614.0,Draft,6/15/2019,,,,,,,,
742.0,2.6,33442.0,EFT,6/5/2020,,,,,,,,
743.0,4.6,44470.0,Pay Order,1/11/2019,,,,,,,,
744.0,3.6,44052.0,Cash,2/25/2019,,,,,,,,
745.0,3.5,27584.0,Pay Order,10/12/2022,,,,,,,,
746.0,2.5,29230.0,Cash,2/10/2022,,,,,,,,
747.0,3.0,18705.0,Draft,12/21/2022,,,,,,,,
748.0,2.4,20892.0,Draft,8/16/2019,,,,,,,,
749.0,5.6,34589.0,Pay Order,11/14/2020,,,,,,,,
750.0,5.2,13353.0,EFT,4/24/2023,,,,,,,,
751.0,2.9,3262.0,Cheque,6/24/2021,,,,,,,,
752.0,5.8,18060.0,Draft,2/9/2022,,,,,,,,
753.0,4.8,21656.0,Cheque,10/21/2021,,,,,,,,
754.0,2.1,11177.0,EFT,3/25/2019,,,,,,,,
755.0,4.9,34422.0,Draft,3/2/2021,,,,,,,,
756.0,4.5,37222.0,Cash,1/30/2022,,,,,,,,
757.0,3.1,32626.0,Draft,1/26/2023,,,,,,,,
758.0,2.5,37234.0,Cash,6/23/2021,,,,,,,,
759.0,2.5,40326.0,Cash,6/3/2020,,,,,,,,
760.0,4.9,33476.0,Cheque,12/9/2020,,,,,,,,
761.0,5.8,31462.0,Draft,12/23/2023,,,,,,,,
762.0,5.7,43643.0,Draft,8/28/2021,,,,,,,,
763.0,4.0,4640.0,EFT,8/23/2023,,,,,,,,
764.0,5.7,18473.0,EFT,11/1/2020,,,,,,,,
765.0,,32512.0,Cash,7/8/2021,,,,,,,,
766.0,3.3,38545.0,Cash,2/17/2023,,,,,,,,
767.0,2.7,24422.0,Pay Order,11/15/2019,,,,,,,,
768.0,5.6,40890.0,Draft,7/18/2020,,,,,,,,
769.0,3.7,17911.0,Pay Order,4/21/2023,,,,,,,,
770.0,4.9,33184.0,Draft,8/20/2019,,,,,,,,
771.0,5.1,44912.0,Cash,4/6/2023,,,,,,,,
772.0,3.6,17792.0,Pay Order,1/19/2019,,,,,,,,
773.0,2.2,32881.0,Pay Order,10/10/2020,,,,,,,,
774.0,5.9,21043.0,Cash,7/17/2019,,,,,,,,
775.0,4.2,14362.0,Draft,7/11/2021,,,,,,,,
776.0,5.8,35187.0,Cheque,9/19/2020,,,,,,,,
777.0,3.6,15773.0,Draft,10/21/2019,,,,,,,,
778.0,3.8,37118.0,EFT,2/10/2023,,,,,,,,
779.0,4.5,30698.0,EFT,11/2/2022,,,,,,,,
780.0,4.0,35387.0,Pay Order,1/5/2022,,,,,,,,
781.0,3.4,43213.0,Pay Order,1/30/2020,,,,,,,,
782.0,3.6,30200.0,Draft,3/22/2020,,,,,,,,
783.0,5.5,17890.0,Cheque,1/12/2023,,,,,,,,
784.0,,3117.0,Draft,1/7/2020,,,,,,,,
785.0,3.5,19019.0,EFT,12/5/2021,,,,,,,,
786.0,4.6,26787.0,EFT,10/24/2020,,,,,,,,
787.0,5.0,1370.0,Cheque,10/11/2022,,,,,,,,
788.0,4.8,1966.0,EFT,7/10/2021,,,,,,,,
789.0,5.8,16651.0,Pay Order,10/3/2022,,,,,,,,
790.0,4.4,6419.0,Cheque,6/17/2021,,,,,,,,
791.0,3.0,26519.0,Pay Order,9/5/2022,,,,,,,,
792.0,2.3,2428.0,Cash,5/23/2020,,,,,,,,
793.0,4.5,37815.0,Pay Order,1/8/2019,,,,,,,,
794.0,5.3,19248.0,Pay Order,7/31/2019,,,,,,,,
795.0,3.6,42617.0,Cash,2/19/2023,,,,,,,,
796.0,3.9,48060.0,EFT,8/30/2023,,,,,,,,
797.0,5.8,4085.0,Pay Order,1/10/2019,,,,,,,,
798.0,4.4,20274.0,EFT,11/1/2020,,,,,,,,
799.0,2.1,37073.0,EFT,5/3/2021,,,,,,,,
800.0,3.8,49555.0,Pay Order,10/31/2022,,,,,,,,
801.0,4.4,46295.0,Pay Order,5/12/2023,,,,,,,,
802.0,4.8,10089.0,Draft,3/12/2021,,,,,,,,
803.0,4.3,9068.0,Draft,2/15/2023,,,,,,,,
804.0,4.4,29861.0,Draft,6/8/2021,,,,,,,,
805.0,5.7,44170.0,Draft,12/16/2019,,,,,,,,
806.0,,34019.0,Pay Order,1/27/2019,,,,,,,,
807.0,5.8,27026.0,Pay Order,10/11/2019,,,,,,,,
808.0,3.0,36463.0,Cheque,7/6/2022,,,,,,,,
809.0,4.3,27323.0,Pay Order,10/14/2023,,,,,,,,
810.0,4.4,39302.0,EFT,8/7/2022,,,,,,,,
811.0,5.2,40129.0,Cash,8/17/2020,,,,,,,,
812.0,4.3,1323.0,Cheque,5/7/2019,,,,,,,,
813.0,5.0,14081.0,EFT,6/4/2019,,,,,,,,
814.0,5.4,33556.0,Cash,2/2/2019,,,,,,,,
815.0,,36227.0,Cheque,9/20/2019,,,,,,,,
816.0,4.0,19359.0,Draft,12/23/2022,,,,,,,,
817.0,5.4,14505.0,Pay Order,10/10/2022,,,,,,,,
818.0,2.2,11010.0,EFT,8/23/2020,,,,,,,,
819.0,5.8,14787.0,Pay Order,8/24/2023,,,,,,,,
820.0,2.2,28661.0,Draft,1/10/2022,,,,,,,,
821.0,5.9,25105.0,Pay Order,5/27/2019,,,,,,,,
822.0,2.7,33148.0,Draft,6/11/2019,,,,,,,,
823.0,5.1,24669.0,Cheque,1/14/2021,,,,,,,,
824.0,4.5,42431.0,Cheque,9/11/2020,,,,,,,,
825.0,2.8,6320.0,EFT,11/4/2022,,,,,,,,
826.0,3.5,46284.0,Draft,4/18/2023,,,,,,,,
827.0,3.2,7403.0,EFT,6/5/2022,,,,,,,,
828.0,2.4,18292.0,Cash,7/24/2021,,,,,,,,
829.0,3.7,12470.0,EFT,5/17/2019,,,,,,,,
830.0,2.8,44848.0,Cash,2/9/2020,,,,,,,,
831.0,3.6,45863.0,Pay Order,3/15/2023,,,,,,,,
832.0,4.1,23862.0,Cheque,8/25/2022,,,,,,,,
833.0,5.7,30340.0,Draft,8/25/2022,,,,,,,,
834.0,3.4,27266.0,Draft,7/24/2022,,,,,,,,
835.0,4.7,16972.0,Pay Order,7/5/2020,,,,,,,,
836.0,4.1,43639.0,EFT,9/22/2020,,,,,,,,
837.0,2.5,40740.0,EFT,7/22/2022,,,,,,,,
838.0,4.6,44151.0,Cash,8/24/2023,,,,,,,,
839.0,2.5,42575.0,EFT,9/11/2019,,,,,,,,
840.0,5.6,14471.0,Pay Order,2/13/2022,,,,,,,,
841.0,5.3,6320.0,Cash,3/15/2020,,,,,,,,
842.0,4.2,34905.0,Draft,5/31/2019,,,,,,,,
843.0,3.9,46382.0,Cash,7/24/2021,,,,,,,,
844.0,4.2,11078.0,Cheque,10/5/2023,,,,,,,,
845.0,4.6,34533.0,Cheque,4/1/2023,,,,,,,,
846.0,3.8,23559.0,Draft,7/23/2022,,,,,,,,
847.0,3.7,30394.0,Cash,3/9/2020,,,,,,,,
848.0,5.6,19371.0,Cash,6/27/2021,,,,,,,,
849.0,4.4,21456.0,Pay Order,8/19/2022,,,,,,,,
850.0,2.4,40269.0,Cash,3/21/2019,,,,,,,,
851.0,5.5,18836.0,EFT,1/8/2022,,,,,,,,
852.0,5.0,27664.0,Cheque,4/9/2022,,,,,,,,
853.0,4.5,42732.0,Pay Order,1/14/2023,,,,,,,,
854.0,3.8,22456.0,Cash,8/14/2019,,,,,,,,
855.0,3.3,12854.0,Cash,10/24/2021,,,,,,,,
856.0,2.6,17959.0,Cheque,12/1/2022,,,,,,,,
857.0,2.3,10872.0,Pay Order,11/9/2019,,,,,,,,
858.0,3.9,28013.0,Draft,3/21/2023,,,,,,,,
859.0,5.6,41528.0,Pay Order,9/19/2020,,,,,,,,
860.0,5.9,1988.0,EFT,10/3/2023,,,,,,,,
861.0,4.1,3309.0,Cheque,7/18/2019,,,,,,,,
862.0,,21363.0,Cheque,9/14/2019,,,,,,,,
863.0,3.9,32431.0,Pay Order,3/6/2022,,,,,,,,
864.0,2.2,19876.0,EFT,9/24/2021,,,,,,,,
865.0,,13117.0,EFT,11/2/2021,,,,,,,,
866.0,5.0,19049.0,EFT,4/24/2022,,,,,,,,
867.0,3.4,41875.0,EFT,12/19/2019,,,,,,,,
868.0,4.4,20132.0,Cheque,4/8/2021,,,,,,,,
869.0,2.8,25298.0,EFT,11/14/2021,,,,,,,,
870.0,4.4,7788.0,Pay Order,7/1/2020,,,,,,,,
871.0,2.2,12110.0,Cash,9/1/2023,,,,,,,,
872.0,5.5,48057.0,Draft,2/6/2021,,,,,,,,
873.0,3.7,27319.0,EFT,10/5/2020,,,,,,,,
874.0,5.6,24897.0,Pay Order,11/1/2020,,,,,,,,
875.0,2.5,28430.0,Draft,7/15/2021,,,,,,,,
876.0,4.2,7437.0,Cheque,7/4/2020,,,,,,,,
877.0,5.8,14744.0,Cheque,1/11/2023,,,,,,,,
878.0,2.9,33579.0,Cash,8/21/2021,,,,,,,,
879.0,5.7,43205.0,EFT,12/7/2023,,,,,,,,
880.0,5.1,24624.0,Draft,7/6/2019,,,,,,,,
881.0,5.1,14163.0,Pay Order,5/24/2021,,,,,,,,
882.0,5.7,38826.0,Draft,9/4/2020,,,,,,,,
883.0,2.8,28232.0,Draft,5/5/2019,,,,,,,,
884.0,4.7,31920.0,Cash,9/15/2019,,,,,,,,
885.0,2.9,34151.0,Pay Order,10/10/2021,,,,,,,,
886.0,3.3,24318.0,Cheque,3/6/2021,,,,,,,,
887.0,3.1,10012.0,Cheque,5/13/2022,,,,,,,,
888.0,5.5,45527.0,Cash,12/2/2022,,,,,,,,
889.0,5.0,1305.0,Cheque,6/5/2023,,,,,,,,
890.0,3.9,43056.0,Draft,3/17/2020,,,,,,,,
891.0,4.6,1348.0,Cash,11/7/2022,,,,,,,,
892.0,5.6,790.0,Cash,4/28/2019,,,,,,,,
893.0,3.7,30641.0,Pay Order,5/7/2023,,,,,,,,
894.0,5.1,20193.0,Draft,9/22/2022,,,,,,,,
895.0,5.2,42868.0,Cheque,11/28/2020,,,,,,,,
896.0,4.3,8359.0,Cheque,7/25/2021,,,,,,,,
897.0,3.2,31667.0,Draft,12/15/2023,,,,,,,,
898.0,,27768.0,Cash,6/9/2020,,,,,,,,
899.0,5.6,16960.0,Cash,7/24/2019,,,,,,,,
900.0,5.3,39613.0,Draft,4/16/2022,,,,,,,,
901.0,5.0,984.0,Pay Order,9/16/2020,,,,,,,,
902.0,5.3,1060.0,Cash,1/4/2022,,,,,,,,
903.0,5.5,9211.0,Draft,12/13/2019,,,,,,,,
904.0,,15189.0,Cash,5/21/2021,,,,,,,,
905.0,2.7,17905.0,EFT,10/29/2021,,,,,,,,
906.0,5.7,7286.0,EFT,7/6/2021,,,,,,,,
907.0,3.9,6216.0,Cheque,12/8/2020,,,,,,,,
908.0,2.2,1531.0,Draft,3/19/2023,,,,,,,,
909.0,2.3,47375.0,Cheque,6/21/2019,,,,,,,,
910.0,5.1,3224.0,Draft,3/6/2023,,,,,,,,
911.0,2.4,39901.0,EFT,9/21/2020,,,,,,,,
912.0,,12844.0,Draft,10/3/2022,,,,,,,,
913.0,2.4,21585.0,Cash,6/14/2019,,,,,,,,
914.0,3.0,32475.0,Draft,7/17/2020,,,,,,,,
915.0,2.9,26051.0,Draft,7/13/2023,,,,,,,,
916.0,2.8,48301.0,Cash,10/28/2019,,,,,,,,
917.0,5.7,36115.0,EFT,7/20/2022,,,,,,,,
918.0,2.9,30689.0,Cheque,1/20/2021,,,,,,,,
919.0,2.2,47855.0,Cheque,11/18/2022,,,,,,,,
920.0,2.6,27791.0,Draft,4/22/2021,,,,,,,,
921.0,2.2,20413.0,Cheque,9/6/2020,,,,,,,,
922.0,5.7,34914.0,Draft,11/2/2021,,,,,,,,
923.0,5.4,25719.0,Pay Order,7/8/2023,,,,,,,,
924.0,4.9,20151.0,Cash,11/10/2023,,,,,,,,
925.0,3.9,13992.0,EFT,11/16/2021,,,,,,,,
926.0,4.0,20323.0,Draft,6/28/2022,,,,,,,,
927.0,2.9,23266.0,EFT,9/12/2023,,,,,,,,
928.0,4.7,37782.0,Cheque,9/3/2020,,,,,,,,
929.0,6.0,3392.0,Cheque,9/16/2019,,,,,,,,
930.0,5.9,25583.0,Pay Order,9/11/2021,,,,,,,,
931.0,3.4,5446.0,Draft,8/8/2022,,,,,,,,
932.0,5.8,28163.0,Draft,1/18/2022,,,,,,,,
933.0,4.8,21735.0,Draft,9/26/2020,,,,,,,,
934.0,5.8,27750.0,Pay Order,4/19/2020,,,,,,,,
935.0,5.5,6603.0,Pay Order,2/17/2022,,,,,,,,
936.0,2.7,20100.0,Pay Order,5/30/2022,,,,,,,,
937.0,5.6,48311.0,Pay Order,12/13/2022,,,,,,,,
938.0,2.2,18169.0,Draft,7/3/2022,,,,,,,,
939.0,4.4,37912.0,Cheque,12/8/2020,,,,,,,,
940.0,5.2,9236.0,Pay Order,4/18/2019,,,,,,,,
941.0,3.3,30520.0,Cash,9/14/2019,,,,,,,,
942.0,4.6,26704.0,Draft,2/3/2021,,,,,,,,
943.0,,12197.0,Draft,8/9/2020,,,,,,,,
944.0,4.9,20556.0,Pay Order,9/1/2023,,,,,,,,
945.0,3.6,36757.0,Cash,6/22/2021,,,,,,,,
946.0,3.9,1968.0,Pay Order,7/14/2022,,,,,,,,
947.0,2.4,24761.0,EFT,8/3/2023,,,,,,,,
948.0,3.3,38840.0,EFT,11/23/2020,,,,,,,,
949.0,2.9,8887.0,Cheque,1/9/2023,,,,,,,,
950.0,3.3,12381.0,Cash,12/29/2020,,,,,,,,
951.0,4.5,28318.0,Cheque,10/2/2019,,,,,,,,
952.0,5.9,39619.0,Draft,10/14/2020,,,,,,,,
953.0,2.3,5207.0,EFT,5/30/2022,,,,,,,,
954.0,3.2,36070.0,EFT,4/26/2020,,,,,,,,
955.0,3.2,40682.0,Cash,5/1/2019,,,,,,,,
956.0,2.3,8131.0,Pay Order,5/18/2022,,,,,,,,
957.0,5.2,37403.0,EFT,11/17/2022,,,,,,,,
958.0,2.4,14272.0,EFT,4/13/2019,,,,,,,,
959.0,5.3,41715.0,EFT,12/21/2022,,,,,,,,
960.0,4.8,29481.0,Draft,2/12/2021,,,,,,,,
961.0,2.4,11746.0,Cheque,9/24/2019,,,,,,,,
962.0,4.7,41130.0,Pay Order,7/30/2021,,,,,,,,
963.0,4.2,10530.0,EFT,5/16/2023,,,,,,,,
964.0,3.7,21216.0,Draft,1/1/2023,,,,,,,,
965.0,5.8,2227.0,Pay Order,9/16/2022,,,,,,,,
966.0,6.0,48085.0,Cheque,1/23/2021,,,,,,,,
967.0,4.3,6906.0,EFT,5/24/2020,,,,,,,,
968.0,5.6,24360.0,EFT,8/24/2023,,,,,,,,
969.0,2.4,29503.0,Draft,3/6/2019,,,,,,,,
970.0,6.0,39899.0,Cash,8/22/2020,,,,,,,,
971.0,4.8,14164.0,Cash,4/10/2019,,,,,,,,
972.0,3.9,23530.0,EFT,4/2/2023,,,,,,,,
973.0,3.7,2634.0,EFT,6/8/2019,,,,,,,,
974.0,4.7,11779.0,Draft,6/6/2023,,,,,,,,
975.0,4.1,43240.0,Pay Order,1/11/2022,,,,,,,,
976.0,4.4,15092.0,Pay Order,7/24/2021,,,,,,,,
977.0,2.2,2227.0,Cash,8/31/2019,,,,,,,,
978.0,3.5,5723.0,Cash,8/31/2021,,,,,,,,
979.0,4.8,33761.0,EFT,1/10/2020,,,,,,,,
980.0,4.8,10766.0,Cheque,12/29/2019,,,,,,,,
981.0,5.4,44529.0,Draft,11/9/2021,,,,,,,,
982.0,,17100.0,Cheque,11/10/2021,,,,,,,,
983.0,5.8,49346.0,Pay Order,3/4/2022,,,,,,,,
984.0,,12463.0,Draft,12/25/2020,,,,,,,,
985.0,5.5,16703.0,EFT,3/8/2021,,,,,,,,
986.0,3.4,17705.0,Draft,12/26/2021,,,,,,,,
987.0,4.0,18923.0,EFT,1/1/2022,,,,,,,,
988.0,4.7,14917.0,Draft,9/8/2021,,,,,,,,
989.0,2.6,33671.0,EFT,7/30/2019,,,,,,,,
990.0,2.2,25482.0,Draft,9/19/2019,,,,,,,,
991.0,4.2,4915.0,Pay Order,11/20/2022,,,,,,,,
992.0,4.2,36442.0,EFT,6/10/2021,,,,,,,,
993.0,4.7,43941.0,Cash,8/19/2021,,,,,,,,
994.0,5.9,7698.0,Cheque,3/19/2021,,,,,,,,
995.0,4.2,28065.0,EFT,1/29/2020,,,,,,,,
996.0,5.8,10343.0,Cash,4/18/2022,,,,,,,,
997.0,4.5,28478.0,EFT,8/15/2023,,,,,,,,
998.0,3.5,3200.0,Draft,10/3/2020,,,,,,,,
999.0,4.8,24605.0,Cheque,12/15/2021,,,,,,,,
1000.0,2.3,13767.0,EFT,10/1/2021,,,,,,,,
1001.0,2.9,4163.0,EFT,7/1/2024,,,,,,,,
1002.0,5.4,43468.0,Cash,6/8/2024,,,,,,,,
1003.0,5.8,14048.0,Cheque,7/30/2024,,,,,,,,
1004.0,2.2,47153.0,Pay Order,12/20/2024,,,,,,,,
1005.0,5.7,40901.0,Cheque,7/14/2024,,,,,,,,
1006.0,3.1,7604.0,Draft,10/2/2024,,,,,,,,
1007.0,3.2,22328.0,Pay Order,10/25/2024,,,,,,,,
1008.0,4.1,30777.0,Pay Order,2/4/2024,,,,,,,,
1009.0,5.5,8487.0,EFT,8/31/2024,,,,,,,,
1010.0,3.7,8453.0,Cash,7/27/2024,,,,,,,,
1011.0,,27706.0,Draft,11/1/2024,,,,,,,,
1012.0,5.8,3392.0,Cash,2/5/2024,,,,,,,,
1013.0,4.5,30680.0,Draft,1/24/2024,,,,,,,,
1014.0,5.6,6341.0,Cash,6/19/2024,,,,,,,,
1015.0,2.3,29402.0,Pay Order,8/15/2024,,,,,,,,
1016.0,2.2,30028.0,EFT,2/26/2024,,,,,,,,
1017.0,,33446.0,Cash,4/15/2024,,,,,,,,
1018.0,2.5,10058.0,Pay Order,4/23/2024,,,,,,,,
1019.0,2.3,45884.0,Pay Order,1/9/2024,,,,,,,,
1020.0,3.9,33225.0,Draft,10/17/2024,,,,,,,,
1021.0,2.6,9473.0,Cheque,10/22/2024,,,,,,,,
1022.0,3.1,44839.0,Draft,4/10/2024,,,,,,,,
1023.0,5.8,7422.0,Cash,11/15/2024,,,,,,,,
1024.0,2.5,49648.0,Cash,3/25/2024,,,,,,,,
1025.0,5.8,39237.0,Pay Order,4/18/2024,,,,,,,,
1026.0,2.2,33870.0,Cheque,4/26/2024,,,,,,,,
1027.0,,44810.0,Draft,12/4/2024,,,,,,,,
1028.0,4.6,16976.0,Draft,12/20/2024,,,,,,,,
1029.0,3.7,5495.0,Draft,4/26/2024,,,,,,,,
1030.0,4.2,11262.0,EFT,10/14/2024,,,,,,,,
1031.0,4.6,44593.0,EFT,8/24/2024,,,,,,,,
1032.0,4.5,4117.0,Cash,7/5/2024,,,,,,,,
1033.0,4.6,44906.0,Cash,8/28/2024,,,,,,,,
1034.0,4.0,16129.0,Pay Order,8/20/2024,,,,,,,,
1035.0,2.7,15443.0,Cash,6/29/2024,,,,,,,,
1036.0,4.2,35520.0,Cheque,10/29/2024,,,,,,,,
1037.0,,16829.0,EFT,10/9/2024,,,,,,,,
1038.0,2.8,47390.0,Cheque,8/8/2024,,,,,,,,
1039.0,5.3,29405.0,Cash,2/24/2024,,,,,,,,
1040.0,2.2,5818.0,Draft,9/22/2024,,,,,,,,
1041.0,3.4,2513.0,EFT,1/4/2024,,,,,,,,
1042.0,5.7,14847.0,Draft,12/13/2024,,,,,,,,
1043.0,4.6,48559.0,Pay Order,10/3/2024,,,,,,,,
1044.0,4.2,23981.0,Cheque,12/11/2024,,,,,,,,
1045.0,,30799.0,EFT,10/12/2024,,,,,,,,
1046.0,2.9,17977.0,Cheque,6/24/2024,,,,,,,,
1047.0,5.7,45735.0,Cash,2/8/2024,,,,,,,,
1048.0,4.1,15085.0,Cheque,3/24/2024,,,,,,,,
1049.0,5.8,36905.0,Cash,8/16/2024,,,,,,,,
1050.0,3.2,23964.0,Draft,5/13/2024,,,,,,,,
1051.0,3.6,45735.0,Pay Order,3/17/2024,,,,,,,,
1052.0,2.3,29417.0,Pay Order,10/5/2024,,,,,,,,
1053.0,4.8,37837.0,Cheque,9/28/2024,,,,,,,,
1054.0,,30686.0,Draft,7/21/2024,,,,,,,,
1055.0,2.4,43169.0,EFT,6/14/2024,,,,,,,,
1056.0,2.4,9805.0,Cheque,8/8/2024,,,,,,,,
1057.0,4.6,13258.0,Cheque,10/24/2024,,,,,,,,
1058.0,3.5,32223.0,Cash,1/30/2024,,,,,,,,
1059.0,3.1,38840.0,Pay Order,8/31/2024,,,,,,,,
1060.0,3.4,13074.0,Cheque,6/12/2024,,,,,,,,
1061.0,2.4,35875.0,Pay Order,12/11/2024,,,,,,,,
1062.0,,30152.0,EFT,4/30/2024,,,,,,,,
1063.0,3.0,23183.0,EFT,5/23/2024,,,,,,,,
1064.0,2.1,15385.0,Cash,1/3/2024,,,,,,,,
1065.0,5.3,27862.0,Cheque,4/8/2024,,,,,,,,
1066.0,4.6,9948.0,Cheque,2/27/2024,,,,,,,,
1067.0,3.9,39966.0,Cheque,10/18/2024,,,,,,,,
1068.0,2.9,25985.0,EFT,3/9/2024,,,,,,,,
1069.0,4.5,33537.0,Draft,11/14/2024,,,,,,,,
1070.0,3.2,39970.0,Draft,3/13/2024,,,,,,,,
1071.0,,48132.0,EFT,9/29/2024,,,,,,,,
1072.0,5.4,39527.0,Cheque,5/5/2024,,,,,,,,
1073.0,2.9,35046.0,EFT,6/10/2024,,,,,,,,
1074.0,4.0,2914.0,Pay Order,4/6/2024,,,,,,,,
1075.0,3.3,4074.0,Pay Order,10/20/2024,,,,,,,,
1076.0,3.0,45924.0,Draft,4/13/2024,,,,,,,,
1077.0,3.0,12975.0,Cash,8/16/2024,,,,,,,,
1078.0,3.3,22890.0,Draft,5/8/2024,,,,,,,,
1079.0,2.6,26453.0,Draft,3/6/2024,,,,,,,,
1080.0,2.7,8276.0,Cheque,9/14/2024,,,,,,,,
1081.0,5.8,2611.0,Cash,9/18/2024,,,,,,,,
1082.0,4.9,20182.0,Pay Order,7/18/2024,,,,,,,,
1083.0,3.3,46594.0,Pay Order,10/30/2024,,,,,,,,
1084.0,,41688.0,EFT,10/6/2024,,,,,,,,
1085.0,5.5,20075.0,Draft,11/2/2024,,,,,,,,
1086.0,5.2,18977.0,Pay Order,2/4/2024,,,,,,,,
1087.0,5.8,9096.0,Cash,9/23/2024,,,,,,,,
1088.0,4.2,8179.0,Cash,11/2/2024,,,,,,,,
1089.0,3.7,33282.0,Draft,7/19/2024,,,,,,,,
1090.0,4.7,1966.0,Cash,2/27/2024,,,,,,,,
1091.0,3.2,41610.0,Cash,6/26/2024,,,,,,,,
1092.0,4.2,23405.0,Cheque,2/2/2024,,,,,,,,
1093.0,5.8,40082.0,Cheque,6/23/2024,,,,,,,,
1094.0,2.8,47505.0,Cash,6/6/2024,,,,,,,,
1095.0,4.3,48055.0,Cash,3/8/2024,,,,,,,,
1096.0,3.6,8187.0,Cash,9/30/2024,,,,,,,,
1097.0,,10088.0,Cash,9/24/2024,,,,,,,,
1098.0,4.9,8816.0,Pay Order,9/3/2024,,,,,,,,
1099.0,2.0,44903.0,Pay Order,3/15/2024,,,,,,,,
1100.0,2.7,1936.0,Cheque,1/11/2024,,,,,,,,
1101.0,3.8,27027.0,Cheque,1/11/2024,,,,,,,,
1102.0,,43236.0,Draft,5/21/2024,,,,,,,,
1103.0,3.0,13602.0,Draft,9/28/2024,,,,,,,,
1104.0,3.5,10413.0,EFT,10/16/2024,,,,,,,,
1105.0,2.7,15095.0,EFT,5/11/2024,,,,,,,,
1106.0,2.8,24835.0,Pay Order,1/18/2024,,,,,,,,
1107.0,2.9,41048.0,EFT,4/5/2024,,,,,,,,
1108.0,2.8,36911.0,Pay Order,3/11/2024,,,,,,,,
1109.0,,46985.0,EFT,11/9/2024,,,,,,,,
1110.0,5.1,18718.0,Cheque,1/22/2024,,,,,,,,
1111.0,2.7,20300.0,Cheque,1/9/2024,,,,,,,,
1112.0,4.4,33201.0,Draft,4/14/2024,,,,,,,,
1113.0,2.2,28699.0,Draft,8/2/2024,,,,,,,,
1114.0,4.0,10057.0,Draft,7/5/2024,,,,,,,,
1115.0,4.8,20107.0,Cheque,2/19/2024,,,,,,,,
1116.0,,12649.0,Cheque,12/6/2024,,,,,,,,
1117.0,5.1,26747.0,Cash,9/20/2024,,,,,,,,
1118.0,4.2,27350.0,Cash,8/9/2024,,,,,,,,
1119.0,3.0,43305.0,Cheque,1/28/2024,,,,,,,,
1120.0,3.8,49017.0,Cash,1/21/2024,,,,,,,,
1121.0,3.8,10776.0,Pay Order,12/25/2024,,,,,,,,
1122.0,4.7,26101.0,Draft,11/26/2024,,,,,,,,
1123.0,5.0,21747.0,Pay Order,4/22/2024,,,,,,,,
1124.0,5.8,43972.0,Draft,12/25/2024,,,,,,,,
1125.0,3.8,20199.0,Pay Order,7/12/2024,,,,,,,,
1126.0,5.4,14279.0,Cash,8/8/2024,,,,,,,,
1127.0,5.2,17363.0,Cash,8/24/2024,,,,,,,,
1128.0,4.5,37392.0,Cheque,6/4/2024,,,,,,,,
1129.0,5.0,38276.0,EFT,8/31/2024,,,,,,,,
1130.0,3.7,13342.0,Pay Order,8/26/2024,,,,,,,,
1131.0,3.4,22185.0,Cash,4/25/2024,,,,,,,,
1132.0,2.5,30810.0,Cash,1/24/2024,,,,,,,,
1133.0,2.2,32088.0,Cheque,12/27/2024,,,,,,,,
1134.0,5.2,4416.0,Cash,5/10/2024,,,,,,,,
1135.0,3.8,29575.0,Cash,6/16/2024,,,,,,,,
1136.0,4.5,7914.0,EFT,7/20/2024,,,,,,,,
1137.0,,29202.0,Cash,1/23/2024,,,,,,,,
1138.0,2.7,48028.0,EFT,12/27/2024,,,,,,,,
1139.0,4.3,12678.0,Cheque,8/7/2024,,,,,,,,
1140.0,5.8,48960.0,Cheque,12/16/2024,,,,,,,,
1141.0,3.0,33597.0,Draft,12/21/2024,,,,,,,,
1142.0,2.6,31644.0,Pay Order,10/3/2024,,,,,,,,
1143.0,2.7,932.0,Cash,6/3/2024,,,,,,,,
1144.0,5.2,44910.0,Draft,9/21/2024,,,,,,,,
1145.0,5.3,28643.0,EFT,12/13/2024,,,,,,,,
1146.0,3.5,14487.0,Draft,5/22/2024,,,,,,,,
1147.0,6.0,4954.0,EFT,6/13/2024,,,,,,,,
1148.0,3.8,29003.0,Draft,8/11/2024,,,,,,,,
1149.0,3.9,34401.0,Cash,10/25/2024,,,,,,,,
1150.0,4.7,16174.0,Cash,7/7/2024,,,,,,,,
1151.0,3.5,20665.0,Draft,9/22/2024,,,,,,,,
1152.0,5.2,46384.0,Draft,10/1/2024,,,,,,,,
1153.0,5.1,9940.0,Cheque,8/9/2024,,,,,,,,
1154.0,4.0,4493.0,EFT,12/27/2024,,,,,,,,
1155.0,5.8,39668.0,Pay Order,12/11/2024,,,,,,,,
1156.0,5.0,2050.0,EFT,10/2/2024,,,,,,,,
1157.0,3.1,24224.0,Draft,12/5/2024,,,,,,,,
1158.0,3.3,39554.0,EFT,7/13/2024,,,,,,,,
1159.0,4.8,5460.0,Pay Order,12/30/2024,,,,,,,,
1160.0,3.0,25374.0,Draft,9/13/2024,,,,,,,,
1161.0,2.1,20097.0,Cheque,9/5/2024,,,,,,,,
1162.0,,5424.0,Draft,1/3/2024,,,,,,,,
1163.0,4.8,13280.0,EFT,5/28/2024,,,,,,,,
1164.0,2.1,45964.0,Pay Order,3/20/2024,,,,,,,,
1165.0,3.2,35979.0,EFT,2/4/2024,,,,,,,,
1166.0,3.4,20624.0,Draft,2/28/2024,,,,,,,,
1167.0,4.9,21453.0,Draft,4/3/2024,,,,,,,,
1168.0,4.2,42076.0,Draft,12/4/2024,,,,,,,,
1169.0,3.8,30781.0,Cheque,11/21/2024,,,,,,,,
1170.0,2.9,35255.0,Pay Order,7/13/2024,,,,,,,,
1171.0,4.7,9679.0,Pay Order,4/19/2024,,,,,,,,
1172.0,2.9,9502.0,Cheque,7/13/2024,,,,,,,,
1173.0,3.6,24947.0,Cash,1/29/2024,,,,,,,,
1174.0,2.5,42636.0,Cash,9/24/2024,,,,,,,,
1175.0,5.5,40930.0,Draft,2/20/2024,,,,,,,,
1176.0,4.7,11434.0,Cheque,8/3/2024,,,,,,,,
1177.0,2.7,20941.0,Pay Order,7/1/2024,,,,,,,,
1178.0,4.2,14279.0,Pay Order,1/14/2024,,,,,,,,
1179.0,5.4,47295.0,EFT,1/3/2024,,,,,,,,
1180.0,2.5,13222.0,Draft,5/18/2024,,,,,,,,
1181.0,3.1,49717.0,Pay Order,7/19/2024,,,,,,,,
1182.0,3.9,11032.0,Cash,12/18/2024,,,,,,,,
1183.0,4.3,6640.0,EFT,6/21/2024,,,,,,,,
1184.0,2.6,45414.0,Pay Order,10/5/2024,,,,,,,,
1185.0,5.5,10844.0,Cash,2/29/2024,,,,,,,,
1186.0,4.2,41783.0,Cheque,12/28/2024,,,,,,,,
1187.0,4.0,44971.0,Cash,11/23/2024,,,,,,,,
1188.0,3.8,48424.0,EFT,10/9/2024,,,,,,,,
1189.0,3.8,22184.0,Pay Order,7/20/2024,,,,,,,,
1190.0,4.4,5316.0,Cheque,9/29/2024,,,,,,,,
1191.0,5.7,29872.0,Draft,10/29/2024,,,,,,,,
1192.0,4.7,9615.0,Draft,2/2/2024,,,,,,,,
1193.0,2.6,41751.0,Cheque,12/18/2024,,,,,,,,
1194.0,2.8,21493.0,Cheque,10/14/2024,,,,,,,,
1195.0,5.6,29001.0,Draft,4/10/2024,,,,,,,,
1196.0,2.6,31728.0,Draft,8/10/2024,,,,,,,,
1197.0,3.3,46438.0,Cheque,11/17/2024,,,,,,,,
1198.0,4.6,49404.0,Pay Order,9/1/2024,,,,,,,,
1199.0,2.7,40884.0,EFT,6/30/2024,,,,,,,,
1200.0,5.3,42562.0,Pay Order,6/22/2024,,,,,,,,
,,,,,2.0,2.4,21885.0,error: undefined method `first' for nil:NilClass,12/7/2021,,,
,,,,,3.0,1.9,47938.0,error: undefined method `first' for nil:NilClass,2/8/2020,,,
,,,,,4.0,0.4,39576.0,error: undefined method `first' for nil:NilClass,4/7/2019,,,
,,,,,5.0,9.0,47429.0,error: undefined method `first' for nil:NilClass,7/10/2019,,,
,,,,,6.0,2.7,44127.0,error: undefined method `first' for nil:NilClass,8/24/2019,,,
,,,,,7.0,2.4,3691.0,error: undefined method `first' for nil:NilClass,6/25/2019,,,
,,,,,8.0,3.2,49738.0,error: undefined method `first' for nil:NilClass,7/29/2021,,,
,,,,,9.0,2.8,21527.0,error: undefined method `first' for nil:NilClass,8/7/2020,,,
,,,,,10.0,5.5,41653.0,error: undefined method `first' for nil:NilClass,2/24/2019,,,
,,,,,2.0,,,error: undefined method `first' for nil:NilClass,,7.0,23157.0,3/24/2021
,,,,,3.0,,,error: undefined method `first' for nil:NilClass,,4.7,36257.0,4/16/2023
,,,,,4.0,,,error: undefined method `first' for nil:NilClass,,7.1,35493.0,11/2/2020
,,,,,5.0,,,error: undefined method `first' for nil:NilClass,,5.6,5096.0,9/19/2020
,,,,,6.0,,,error: undefined method `first' for nil:NilClass,,5.9,28999.0,4/20/2023
,,,,,7.0,,,error: undefined method `first' for nil:NilClass,,9.6,37119.0,9/4/2020
,,,,,8.0,,,error: undefined method `first' for nil:NilClass,,4.7,14309.0,3/6/2021
,,,,,9.0,,,error: undefined method `first' for nil:NilClass,,0.3,3601.0,12/25/2023
,,,,,10.0,,,error: undefined method `first' for nil:NilClass,,9.4,47480.0,11/16/2021
