feature_id,lot_area_sqft,no_bedrooms,no_bathrooms,no_kitchens,no_floors,parking_area_sqft,year_built,condition_rating,1,7,6,89,84,91,71,24,86,54,98,48,78,12,98.1
1.0,3418.0,4.0,4.0,2.0,2.0,473.0,1981.0,1.0,,,,,,,,,,,,,,,
2.0,2611.0,4.0,4.0,2.0,1.0,89.0,2022.0,9.0,,,,,,,,,,,,,,,
3.0,797.0,1.0,1.0,1.0,1.0,52.0,1972.0,7.0,,,,,,,,,,,,,,,
4.0,2155.0,3.0,3.0,2.0,1.0,,2020.0,2.0,,,,,,,,,,,,,,,
5.0,1469.0,3.0,3.0,1.0,1.0,18.0,1982.0,2.0,,,,,,,,,,,,,,,
6.0,4351.0,5.0,5.0,2.0,2.0,130.0,1991.0,1.0,,,,,,,,,,,,,,,
7.0,2934.0,,4.0,2.0,1.0,181.0,2000.0,7.0,,,,,,,,,,,,,,,
8.0,1502.0,3.0,3.0,2.0,1.0,,2005.0,9.0,,,,,,,,,,,,,,,
9.0,3671.0,5.0,5.0,2.0,2.0,640.0,2009.0,4.0,,,,,,,,,,,,,,,
10.0,3063.0,4.0,4.0,2.0,2.0,605.0,1987.0,4.0,,,,,,,,,,,,,,,
11.0,1882.0,3.0,3.0,2.0,1.0,299.0,1956.0,6.0,,,,,,,,,,,,,,,
12.0,1719.0,3.0,3.0,2.0,1.0,,2003.0,2.0,,,,,,,,,,,,,,,
13.0,1989.0,3.0,3.0,2.0,1.0,381.0,1966.0,1.0,,,,,,,,,,,,,,,
14.0,920.0,,1.0,1.0,1.0,103.0,2002.0,7.0,,,,,,,,,,,,,,,
15.0,917.0,1.0,1.0,1.0,1.0,,1991.0,3.0,,,,,,,,,,,,,,,
16.0,586.0,1.0,1.0,1.0,1.0,34.0,2004.0,2.0,,,,,,,,,,,,,,,
17.0,3180.0,4.0,4.0,2.0,2.0,416.0,1983.0,3.0,,,,,,,,,,,,,,,
18.0,1139.0,2.0,2.0,1.0,1.0,53.0,1996.0,1.0,,,,,,,,,,,,,,,
19.0,1633.0,3.0,3.0,2.0,1.0,62.0,1977.0,2.0,,,,,,,,,,,,,,,
20.0,2168.0,3.0,3.0,2.0,1.0,236.0,1994.0,5.0,,,,,,,,,,,,,,,
21.0,2543.0,4.0,4.0,2.0,1.0,310.0,1964.0,7.0,,,,,,,,,,,,,,,
22.0,2746.0,4.0,4.0,2.0,1.0,545.0,1960.0,9.0,,,,,,,,,,,,,,,
23.0,762.0,,1.0,1.0,1.0,52.0,2008.0,4.0,,,,,,,,,,,,,,,
24.0,3986.0,5.0,5.0,2.0,2.0,472.0,1976.0,8.0,,,,,,,,,,,,,,,
25.0,2993.0,4.0,4.0,2.0,1.0,178.0,1953.0,5.0,,,,,,,,,,,,,,,
26.0,4661.0,6.0,6.0,3.0,2.0,129.0,1962.0,8.0,,,,,,,,,,,,,,,
27.0,2067.0,,3.0,2.0,1.0,,1967.0,9.0,,,,,,,,,,,,,,,
28.0,4947.0,6.0,6.0,3.0,2.0,99.0,2010.0,1.0,,,,,,,,,,,,,,,
29.0,1455.0,3.0,3.0,1.0,1.0,48.0,2002.0,4.0,,,,,,,,,,,,,,,
30.0,2017.0,3.0,3.0,2.0,1.0,81.0,2013.0,2.0,,,,,,,,,,,,,,,
31.0,4219.0,5.0,5.0,2.0,2.0,131.0,1978.0,4.0,,,,,,,,,,,,,,,
32.0,1532.0,3.0,3.0,2.0,1.0,64.0,1985.0,1.0,,,,,,,,,,,,,,,
33.0,1235.0,2.0,2.0,1.0,1.0,,1953.0,6.0,,,,,,,,,,,,,,,
34.0,2259.0,3.0,3.0,2.0,1.0,66.0,2021.0,6.0,,,,,,,,,,,,,,,
35.0,536.0,1.0,1.0,1.0,1.0,41.0,2011.0,3.0,,,,,,,,,,,,,,,
36.0,1612.0,3.0,3.0,2.0,1.0,211.0,2007.0,7.0,,,,,,,,,,,,,,,
37.0,571.0,,1.0,1.0,1.0,37.0,2003.0,4.0,,,,,,,,,,,,,,,
38.0,4092.0,5.0,5.0,2.0,2.0,604.0,2013.0,4.0,,,,,,,,,,,,,,,
39.0,3803.0,5.0,5.0,2.0,2.0,668.0,1955.0,10.0,,,,,,,,,,,,,,,
40.0,3580.0,4.0,4.0,2.0,2.0,243.0,2022.0,9.0,,,,,,,,,,,,,,,
41.0,4703.0,6.0,6.0,3.0,2.0,489.0,2005.0,2.0,,,,,,,,,,,,,,,
42.0,3616.0,5.0,5.0,2.0,2.0,538.0,1968.0,2.0,,,,,,,,,,,,,,,
43.0,977.0,1.0,1.0,1.0,1.0,113.0,1953.0,6.0,,,,,,,,,,,,,,,
44.0,4112.0,5.0,5.0,2.0,2.0,672.0,2005.0,5.0,,,,,,,,,,,,,,,
45.0,3173.0,4.0,4.0,2.0,2.0,545.0,1981.0,8.0,,,,,,,,,,,,,,,
46.0,3044.0,4.0,4.0,2.0,2.0,445.0,1962.0,3.0,,,,,,,,,,,,,,,
47.0,3178.0,4.0,4.0,2.0,2.0,136.0,1993.0,10.0,,,,,,,,,,,,,,,
48.0,4596.0,6.0,6.0,3.0,2.0,209.0,1992.0,4.0,,,,,,,,,,,,,,,
49.0,1131.0,2.0,2.0,1.0,1.0,188.0,1983.0,2.0,,,,,,,,,,,,,,,
50.0,814.0,1.0,1.0,1.0,1.0,94.0,1980.0,10.0,,,,,,,,,,,,,,,
51.0,2841.0,4.0,4.0,2.0,1.0,415.0,2002.0,3.0,,,,,,,,,,,,,,,
52.0,1305.0,2.0,2.0,1.0,1.0,136.0,1958.0,3.0,,,,,,,,,,,,,,,
53.0,4103.0,5.0,5.0,2.0,2.0,756.0,1983.0,9.0,,,,,,,,,,,,,,,
54.0,1538.0,3.0,3.0,2.0,1.0,,2021.0,2.0,,,,,,,,,,,,,,,
55.0,4990.0,6.0,6.0,3.0,2.0,902.0,1972.0,2.0,,,,,,,,,,,,,,,
56.0,2897.0,4.0,4.0,2.0,1.0,211.0,1954.0,5.0,,,,,,,,,,,,,,,
57.0,3541.0,4.0,4.0,2.0,2.0,49.0,1998.0,2.0,,,,,,,,,,,,,,,
58.0,1691.0,3.0,3.0,2.0,1.0,295.0,1972.0,1.0,,,,,,,,,,,,,,,
59.0,3919.0,5.0,5.0,2.0,2.0,358.0,2013.0,9.0,,,,,,,,,,,,,,,
60.0,3852.0,5.0,5.0,2.0,2.0,560.0,1956.0,3.0,,,,,,,,,,,,,,,
61.0,3687.0,5.0,5.0,2.0,2.0,502.0,1997.0,3.0,,,,,,,,,,,,,,,
62.0,2715.0,4.0,4.0,2.0,1.0,214.0,1956.0,6.0,,,,,,,,,,,,,,,
63.0,705.0,1.0,1.0,1.0,1.0,65.0,1978.0,6.0,,,,,,,,,,,,,,,
64.0,3912.0,5.0,5.0,2.0,2.0,509.0,1955.0,4.0,,,,,,,,,,,,,,,
65.0,4450.0,6.0,6.0,2.0,2.0,,2018.0,5.0,,,,,,,,,,,,,,,
66.0,3067.0,4.0,4.0,2.0,2.0,316.0,1978.0,3.0,,,,,,,,,,,,,,,
67.0,4686.0,6.0,6.0,3.0,2.0,,1960.0,4.0,,,,,,,,,,,,,,,
68.0,2388.0,4.0,4.0,2.0,1.0,440.0,2001.0,4.0,,,,,,,,,,,,,,,
69.0,2919.0,,4.0,2.0,1.0,,1985.0,7.0,,,,,,,,,,,,,,,
70.0,3797.0,5.0,5.0,2.0,2.0,,1965.0,9.0,,,,,,,,,,,,,,,
71.0,4160.0,5.0,5.0,2.0,2.0,517.0,2017.0,10.0,,,,,,,,,,,,,,,
72.0,4954.0,6.0,6.0,3.0,2.0,723.0,1952.0,5.0,,,,,,,,,,,,,,,
73.0,2802.0,4.0,4.0,2.0,1.0,,2001.0,4.0,,,,,,,,,,,,,,,
74.0,4662.0,6.0,6.0,3.0,2.0,254.0,2008.0,6.0,,,,,,,,,,,,,,,
75.0,1368.0,2.0,2.0,1.0,1.0,146.0,2004.0,4.0,,,,,,,,,,,,,,,
76.0,3833.0,,5.0,2.0,2.0,12.0,2016.0,4.0,,,,,,,,,,,,,,,
77.0,945.0,1.0,1.0,1.0,1.0,29.0,1995.0,10.0,,,,,,,,,,,,,,,
78.0,984.0,,1.0,1.0,1.0,75.0,1951.0,7.0,,,,,,,,,,,,,,,
79.0,1234.0,2.0,2.0,1.0,1.0,195.0,2016.0,10.0,,,,,,,,,,,,,,,
80.0,3566.0,4.0,4.0,2.0,2.0,152.0,1976.0,7.0,,,,,,,,,,,,,,,
81.0,4409.0,6.0,6.0,2.0,2.0,827.0,1979.0,10.0,,,,,,,,,,,,,,,
82.0,1474.0,3.0,3.0,1.0,1.0,209.0,1957.0,6.0,,,,,,,,,,,,,,,
83.0,4533.0,6.0,6.0,3.0,2.0,452.0,1973.0,1.0,,,,,,,,,,,,,,,
84.0,607.0,1.0,1.0,1.0,1.0,94.0,1957.0,8.0,,,,,,,,,,,,,,,
85.0,2317.0,4.0,4.0,2.0,1.0,211.0,2007.0,3.0,,,,,,,,,,,,,,,
86.0,1320.0,2.0,2.0,1.0,1.0,11.0,2015.0,1.0,,,,,,,,,,,,,,,
87.0,2280.0,3.0,3.0,2.0,1.0,17.0,2004.0,10.0,,,,,,,,,,,,,,,
88.0,1385.0,2.0,2.0,1.0,1.0,119.0,1978.0,6.0,,,,,,,,,,,,,,,
89.0,2239.0,,3.0,2.0,1.0,324.0,1973.0,2.0,,,,,,,,,,,,,,,
90.0,4818.0,6.0,6.0,3.0,2.0,71.0,1952.0,10.0,,,,,,,,,,,,,,,
91.0,2406.0,4.0,4.0,2.0,1.0,39.0,2020.0,3.0,,,,,,,,,,,,,,,
92.0,3518.0,4.0,4.0,2.0,2.0,426.0,1969.0,3.0,,,,,,,,,,,,,,,
93.0,538.0,1.0,1.0,1.0,1.0,85.0,1951.0,6.0,,,,,,,,,,,,,,,
94.0,1198.0,2.0,2.0,1.0,1.0,35.0,2003.0,6.0,,,,,,,,,,,,,,,
95.0,662.0,1.0,1.0,1.0,1.0,61.0,1992.0,7.0,,,,,,,,,,,,,,,
96.0,1079.0,2.0,2.0,1.0,1.0,3.0,1950.0,10.0,,,,,,,,,,,,,,,
97.0,2205.0,3.0,3.0,2.0,1.0,83.0,1986.0,7.0,,,,,,,,,,,,,,,
98.0,3835.0,,5.0,2.0,2.0,,1976.0,9.0,,,,,,,,,,,,,,,
99.0,1712.0,,3.0,2.0,1.0,305.0,1968.0,2.0,,,,,,,,,,,,,,,
100.0,2322.0,4.0,4.0,2.0,1.0,301.0,1991.0,2.0,,,,,,,,,,,,,,,
101.0,4337.0,5.0,5.0,2.0,2.0,90.0,2017.0,10.0,,,,,,,,,,,,,,,
102.0,2551.0,,4.0,2.0,1.0,168.0,2006.0,5.0,,,,,,,,,,,,,,,
103.0,1791.0,3.0,3.0,2.0,1.0,83.0,1965.0,7.0,,,,,,,,,,,,,,,
104.0,2057.0,3.0,3.0,2.0,1.0,367.0,1994.0,7.0,,,,,,,,,,,,,,,
105.0,555.0,1.0,1.0,1.0,1.0,37.0,2019.0,3.0,,,,,,,,,,,,,,,
106.0,544.0,1.0,1.0,1.0,1.0,89.0,1967.0,5.0,,,,,,,,,,,,,,,
107.0,989.0,1.0,1.0,1.0,1.0,160.0,2000.0,7.0,,,,,,,,,,,,,,,
108.0,3304.0,,4.0,2.0,2.0,557.0,1972.0,7.0,,,,,,,,,,,,,,,
109.0,2843.0,,4.0,2.0,1.0,118.0,1991.0,10.0,,,,,,,,,,,,,,,
110.0,1788.0,3.0,3.0,2.0,1.0,255.0,1953.0,7.0,,,,,,,,,,,,,,,
111.0,4246.0,5.0,5.0,2.0,2.0,462.0,1976.0,1.0,,,,,,,,,,,,,,,
112.0,3398.0,4.0,4.0,2.0,2.0,406.0,2008.0,3.0,,,,,,,,,,,,,,,
113.0,3443.0,4.0,4.0,2.0,2.0,47.0,1960.0,4.0,,,,,,,,,,,,,,,
114.0,4523.0,6.0,6.0,3.0,2.0,,1986.0,6.0,,,,,,,,,,,,,,,
115.0,1631.0,3.0,3.0,2.0,1.0,210.0,2009.0,2.0,,,,,,,,,,,,,,,
116.0,4350.0,5.0,5.0,2.0,2.0,224.0,2006.0,3.0,,,,,,,,,,,,,,,
117.0,3512.0,4.0,4.0,2.0,2.0,636.0,1986.0,2.0,,,,,,,,,,,,,,,
118.0,1775.0,3.0,3.0,2.0,1.0,295.0,1955.0,10.0,,,,,,,,,,,,,,,
119.0,968.0,1.0,1.0,1.0,1.0,122.0,2009.0,7.0,,,,,,,,,,,,,,,
120.0,2371.0,4.0,4.0,2.0,1.0,83.0,2013.0,10.0,,,,,,,,,,,,,,,
121.0,4169.0,5.0,5.0,2.0,2.0,203.0,1953.0,6.0,,,,,,,,,,,,,,,
122.0,4969.0,,6.0,3.0,2.0,480.0,2006.0,9.0,,,,,,,,,,,,,,,
123.0,2324.0,4.0,4.0,2.0,1.0,410.0,2021.0,1.0,,,,,,,,,,,,,,,
124.0,1534.0,3.0,3.0,2.0,1.0,,1999.0,10.0,,,,,,,,,,,,,,,
125.0,2737.0,4.0,4.0,2.0,1.0,495.0,2010.0,5.0,,,,,,,,,,,,,,,
126.0,2135.0,3.0,3.0,2.0,1.0,7.0,1974.0,3.0,,,,,,,,,,,,,,,
127.0,751.0,1.0,1.0,1.0,1.0,85.0,2013.0,3.0,,,,,,,,,,,,,,,
128.0,1470.0,3.0,3.0,1.0,1.0,111.0,2014.0,10.0,,,,,,,,,,,,,,,
129.0,2425.0,4.0,4.0,2.0,1.0,191.0,2017.0,4.0,,,,,,,,,,,,,,,
130.0,4223.0,5.0,5.0,2.0,2.0,34.0,1975.0,3.0,,,,,,,,,,,,,,,
131.0,1945.0,3.0,3.0,2.0,1.0,224.0,1960.0,8.0,,,,,,,,,,,,,,,
132.0,2410.0,4.0,4.0,2.0,1.0,290.0,1951.0,5.0,,,,,,,,,,,,,,,
133.0,3297.0,4.0,4.0,2.0,2.0,32.0,1954.0,5.0,,,,,,,,,,,,,,,
134.0,3581.0,4.0,4.0,2.0,2.0,383.0,1993.0,6.0,,,,,,,,,,,,,,,
135.0,2125.0,3.0,3.0,2.0,1.0,166.0,1972.0,1.0,,,,,,,,,,,,,,,
136.0,4339.0,5.0,5.0,2.0,2.0,431.0,2019.0,3.0,,,,,,,,,,,,,,,
137.0,2949.0,4.0,4.0,2.0,1.0,,1976.0,9.0,,,,,,,,,,,,,,,
138.0,4239.0,5.0,5.0,2.0,2.0,241.0,1988.0,5.0,,,,,,,,,,,,,,,
139.0,4029.0,,5.0,2.0,2.0,287.0,1982.0,3.0,,,,,,,,,,,,,,,
140.0,4958.0,6.0,6.0,3.0,2.0,788.0,2006.0,10.0,,,,,,,,,,,,,,,
141.0,4787.0,6.0,6.0,3.0,2.0,319.0,1955.0,9.0,,,,,,,,,,,,,,,
142.0,1538.0,3.0,3.0,2.0,1.0,304.0,1993.0,10.0,,,,,,,,,,,,,,,
143.0,3932.0,5.0,5.0,2.0,2.0,3.0,2019.0,4.0,,,,,,,,,,,,,,,
144.0,4781.0,6.0,6.0,3.0,2.0,526.0,2012.0,6.0,,,,,,,,,,,,,,,
145.0,3539.0,4.0,4.0,2.0,2.0,319.0,1980.0,7.0,,,,,,,,,,,,,,,
146.0,931.0,1.0,1.0,1.0,1.0,129.0,1997.0,9.0,,,,,,,,,,,,,,,
147.0,3763.0,5.0,5.0,2.0,2.0,598.0,2005.0,3.0,,,,,,,,,,,,,,,
148.0,1904.0,3.0,3.0,2.0,1.0,147.0,1972.0,10.0,,,,,,,,,,,,,,,
149.0,3226.0,4.0,4.0,2.0,2.0,,2015.0,6.0,,,,,,,,,,,,,,,
150.0,4478.0,6.0,6.0,2.0,2.0,884.0,2015.0,6.0,,,,,,,,,,,,,,,
151.0,2541.0,4.0,4.0,2.0,1.0,66.0,1974.0,5.0,,,,,,,,,,,,,,,
152.0,3431.0,4.0,4.0,2.0,2.0,,2014.0,8.0,,,,,,,,,,,,,,,
153.0,1934.0,3.0,3.0,2.0,1.0,285.0,1990.0,3.0,,,,,,,,,,,,,,,
154.0,4641.0,6.0,6.0,3.0,2.0,315.0,1981.0,10.0,,,,,,,,,,,,,,,
155.0,1162.0,2.0,2.0,1.0,1.0,5.0,1985.0,4.0,,,,,,,,,,,,,,,
156.0,892.0,1.0,1.0,1.0,1.0,170.0,2023.0,5.0,,,,,,,,,,,,,,,
157.0,987.0,1.0,1.0,1.0,1.0,66.0,1961.0,3.0,,,,,,,,,,,,,,,
158.0,1771.0,3.0,3.0,2.0,1.0,3.0,1978.0,2.0,,,,,,,,,,,,,,,
159.0,4458.0,6.0,6.0,2.0,2.0,509.0,2012.0,3.0,,,,,,,,,,,,,,,
160.0,3023.0,4.0,4.0,2.0,2.0,232.0,2002.0,7.0,,,,,,,,,,,,,,,
161.0,3220.0,4.0,4.0,2.0,2.0,,2017.0,5.0,,,,,,,,,,,,,,,
162.0,4810.0,,6.0,3.0,2.0,491.0,1971.0,8.0,,,,,,,,,,,,,,,
163.0,988.0,1.0,1.0,1.0,1.0,103.0,1965.0,8.0,,,,,,,,,,,,,,,
164.0,4759.0,6.0,6.0,3.0,2.0,718.0,1994.0,10.0,,,,,,,,,,,,,,,
165.0,1173.0,2.0,2.0,1.0,1.0,10.0,2017.0,5.0,,,,,,,,,,,,,,,
166.0,2994.0,4.0,4.0,2.0,1.0,249.0,1954.0,7.0,,,,,,,,,,,,,,,
167.0,4037.0,5.0,5.0,2.0,2.0,666.0,1991.0,9.0,,,,,,,,,,,,,,,
168.0,1822.0,3.0,3.0,2.0,1.0,140.0,1990.0,10.0,,,,,,,,,,,,,,,
169.0,2009.0,3.0,3.0,2.0,1.0,38.0,1976.0,9.0,,,,,,,,,,,,,,,
170.0,2816.0,4.0,4.0,2.0,1.0,231.0,1989.0,8.0,,,,,,,,,,,,,,,
171.0,3872.0,5.0,5.0,2.0,2.0,37.0,1973.0,10.0,,,,,,,,,,,,,,,
172.0,1816.0,,3.0,2.0,1.0,157.0,1984.0,5.0,,,,,,,,,,,,,,,
173.0,4081.0,5.0,5.0,2.0,2.0,270.0,2010.0,10.0,,,,,,,,,,,,,,,
174.0,773.0,1.0,1.0,1.0,1.0,13.0,2012.0,10.0,,,,,,,,,,,,,,,
175.0,3122.0,4.0,4.0,2.0,2.0,,2020.0,10.0,,,,,,,,,,,,,,,
176.0,4147.0,5.0,5.0,2.0,2.0,532.0,1968.0,6.0,,,,,,,,,,,,,,,
177.0,2595.0,4.0,4.0,2.0,1.0,269.0,1979.0,7.0,,,,,,,,,,,,,,,
178.0,1343.0,2.0,2.0,1.0,1.0,127.0,1953.0,8.0,,,,,,,,,,,,,,,
179.0,4867.0,6.0,6.0,3.0,2.0,324.0,1964.0,8.0,,,,,,,,,,,,,,,
180.0,4163.0,,5.0,2.0,2.0,433.0,1984.0,5.0,,,,,,,,,,,,,,,
181.0,2476.0,4.0,4.0,2.0,1.0,120.0,1979.0,3.0,,,,,,,,,,,,,,,
182.0,1119.0,2.0,2.0,1.0,1.0,160.0,2007.0,7.0,,,,,,,,,,,,,,,
183.0,3451.0,,4.0,2.0,2.0,383.0,1991.0,5.0,,,,,,,,,,,,,,,
184.0,3628.0,5.0,5.0,2.0,2.0,529.0,1950.0,4.0,,,,,,,,,,,,,,,
185.0,4568.0,6.0,6.0,3.0,2.0,16.0,1962.0,6.0,,,,,,,,,,,,,,,
186.0,1129.0,2.0,2.0,1.0,1.0,179.0,2020.0,8.0,,,,,,,,,,,,,,,
187.0,3292.0,4.0,4.0,2.0,2.0,316.0,2005.0,4.0,,,,,,,,,,,,,,,
188.0,4433.0,6.0,6.0,2.0,2.0,766.0,1963.0,8.0,,,,,,,,,,,,,,,
189.0,686.0,1.0,1.0,1.0,1.0,4.0,1977.0,4.0,,,,,,,,,,,,,,,
190.0,4772.0,6.0,6.0,3.0,2.0,946.0,1958.0,1.0,,,,,,,,,,,,,,,
191.0,2881.0,4.0,4.0,2.0,1.0,215.0,1968.0,5.0,,,,,,,,,,,,,,,
192.0,3031.0,4.0,4.0,2.0,2.0,401.0,2013.0,5.0,,,,,,,,,,,,,,,
193.0,3785.0,5.0,5.0,2.0,2.0,545.0,1967.0,5.0,,,,,,,,,,,,,,,
194.0,3690.0,5.0,5.0,2.0,2.0,205.0,1955.0,2.0,,,,,,,,,,,,,,,
195.0,4375.0,5.0,5.0,2.0,2.0,62.0,2023.0,8.0,,,,,,,,,,,,,,,
196.0,4553.0,6.0,6.0,3.0,2.0,209.0,2009.0,2.0,,,,,,,,,,,,,,,
197.0,3654.0,5.0,5.0,2.0,2.0,231.0,1981.0,3.0,,,,,,,,,,,,,,,
198.0,4192.0,5.0,5.0,2.0,2.0,747.0,1956.0,8.0,,,,,,,,,,,,,,,
199.0,4215.0,5.0,5.0,2.0,2.0,77.0,2023.0,5.0,,,,,,,,,,,,,,,
200.0,2142.0,3.0,3.0,2.0,1.0,261.0,1955.0,2.0,,,,,,,,,,,,,,,
201.0,4358.0,5.0,5.0,2.0,2.0,498.0,1961.0,9.0,,,,,,,,,,,,,,,
202.0,2030.0,,3.0,2.0,1.0,184.0,1965.0,8.0,,,,,,,,,,,,,,,
203.0,4160.0,5.0,5.0,2.0,2.0,636.0,1967.0,7.0,,,,,,,,,,,,,,,
204.0,3760.0,5.0,5.0,2.0,2.0,556.0,1963.0,10.0,,,,,,,,,,,,,,,
205.0,3752.0,5.0,5.0,2.0,2.0,146.0,1950.0,1.0,,,,,,,,,,,,,,,
206.0,547.0,1.0,1.0,1.0,1.0,43.0,1979.0,2.0,,,,,,,,,,,,,,,
207.0,3462.0,4.0,4.0,2.0,2.0,124.0,1952.0,3.0,,,,,,,,,,,,,,,
208.0,2831.0,4.0,4.0,2.0,1.0,443.0,1982.0,6.0,,,,,,,,,,,,,,,
209.0,3573.0,,4.0,2.0,2.0,644.0,2020.0,3.0,,,,,,,,,,,,,,,
210.0,2858.0,4.0,4.0,2.0,1.0,120.0,1990.0,9.0,,,,,,,,,,,,,,,
211.0,2511.0,4.0,4.0,2.0,1.0,409.0,2023.0,5.0,,,,,,,,,,,,,,,
212.0,827.0,1.0,1.0,1.0,1.0,165.0,2001.0,6.0,,,,,,,,,,,,,,,
213.0,1795.0,3.0,3.0,2.0,1.0,,2023.0,4.0,,,,,,,,,,,,,,,
214.0,3205.0,4.0,4.0,2.0,2.0,71.0,1971.0,5.0,,,,,,,,,,,,,,,
215.0,4953.0,6.0,6.0,3.0,2.0,883.0,1975.0,9.0,,,,,,,,,,,,,,,
216.0,3202.0,4.0,4.0,2.0,2.0,16.0,1970.0,8.0,,,,,,,,,,,,,,,
217.0,4353.0,5.0,5.0,2.0,2.0,195.0,1952.0,4.0,,,,,,,,,,,,,,,
218.0,3555.0,4.0,4.0,2.0,2.0,667.0,1989.0,4.0,,,,,,,,,,,,,,,
219.0,1835.0,3.0,3.0,2.0,1.0,121.0,1995.0,8.0,,,,,,,,,,,,,,,
220.0,1265.0,2.0,2.0,1.0,1.0,50.0,2018.0,9.0,,,,,,,,,,,,,,,
221.0,957.0,1.0,1.0,1.0,1.0,72.0,2022.0,2.0,,,,,,,,,,,,,,,
222.0,918.0,1.0,1.0,1.0,1.0,28.0,1966.0,3.0,,,,,,,,,,,,,,,
223.0,3986.0,5.0,5.0,2.0,2.0,649.0,2004.0,1.0,,,,,,,,,,,,,,,
224.0,1093.0,2.0,2.0,1.0,1.0,64.0,1998.0,4.0,,,,,,,,,,,,,,,
225.0,893.0,1.0,1.0,1.0,1.0,129.0,1982.0,9.0,,,,,,,,,,,,,,,
226.0,3591.0,,4.0,2.0,2.0,,2016.0,1.0,,,,,,,,,,,,,,,
227.0,604.0,1.0,1.0,1.0,1.0,69.0,1996.0,4.0,,,,,,,,,,,,,,,
228.0,2877.0,4.0,4.0,2.0,1.0,265.0,2015.0,8.0,,,,,,,,,,,,,,,
229.0,2627.0,4.0,4.0,2.0,1.0,386.0,1975.0,1.0,,,,,,,,,,,,,,,
230.0,1262.0,2.0,2.0,1.0,1.0,234.0,1951.0,1.0,,,,,,,,,,,,,,,
231.0,4042.0,5.0,5.0,2.0,2.0,,1996.0,8.0,,,,,,,,,,,,,,,
232.0,2779.0,4.0,4.0,2.0,1.0,87.0,1985.0,3.0,,,,,,,,,,,,,,,
233.0,1667.0,3.0,3.0,2.0,1.0,230.0,1987.0,6.0,,,,,,,,,,,,,,,
234.0,3046.0,,4.0,2.0,2.0,59.0,1992.0,9.0,,,,,,,,,,,,,,,
235.0,1910.0,3.0,3.0,2.0,1.0,107.0,1972.0,5.0,,,,,,,,,,,,,,,
236.0,923.0,1.0,1.0,1.0,1.0,82.0,2011.0,7.0,,,,,,,,,,,,,,,
237.0,3869.0,5.0,5.0,2.0,2.0,,2001.0,3.0,,,,,,,,,,,,,,,
238.0,2846.0,4.0,4.0,2.0,1.0,275.0,2023.0,1.0,,,,,,,,,,,,,,,
239.0,577.0,1.0,1.0,1.0,1.0,23.0,2013.0,1.0,,,,,,,,,,,,,,,
240.0,4114.0,5.0,5.0,2.0,2.0,473.0,1959.0,10.0,,,,,,,,,,,,,,,
241.0,1473.0,3.0,3.0,1.0,1.0,221.0,1952.0,9.0,,,,,,,,,,,,,,,
242.0,3848.0,5.0,5.0,2.0,2.0,687.0,2019.0,8.0,,,,,,,,,,,,,,,
243.0,2390.0,4.0,4.0,2.0,1.0,128.0,1967.0,9.0,,,,,,,,,,,,,,,
244.0,1775.0,3.0,3.0,2.0,1.0,144.0,2013.0,8.0,,,,,,,,,,,,,,,
245.0,1622.0,3.0,3.0,2.0,1.0,203.0,1957.0,7.0,,,,,,,,,,,,,,,
246.0,1320.0,2.0,2.0,1.0,1.0,195.0,1995.0,3.0,,,,,,,,,,,,,,,
247.0,2570.0,,4.0,2.0,1.0,222.0,1979.0,7.0,,,,,,,,,,,,,,,
248.0,3933.0,,5.0,2.0,2.0,182.0,1965.0,5.0,,,,,,,,,,,,,,,
249.0,2227.0,3.0,3.0,2.0,1.0,313.0,1996.0,3.0,,,,,,,,,,,,,,,
250.0,4341.0,5.0,5.0,2.0,2.0,218.0,2010.0,9.0,,,,,,,,,,,,,,,
251.0,2952.0,4.0,4.0,2.0,1.0,,2016.0,8.0,,,,,,,,,,,,,,,
252.0,2428.0,4.0,4.0,2.0,1.0,207.0,1974.0,8.0,,,,,,,,,,,,,,,
253.0,4375.0,,5.0,2.0,2.0,701.0,1950.0,2.0,,,,,,,,,,,,,,,
254.0,4576.0,6.0,6.0,3.0,2.0,,2006.0,5.0,,,,,,,,,,,,,,,
255.0,4220.0,5.0,5.0,2.0,2.0,667.0,2023.0,3.0,,,,,,,,,,,,,,,
256.0,4081.0,5.0,5.0,2.0,2.0,633.0,1993.0,6.0,,,,,,,,,,,,,,,
257.0,2813.0,4.0,4.0,2.0,1.0,108.0,1995.0,8.0,,,,,,,,,,,,,,,
258.0,4769.0,,6.0,3.0,2.0,,2008.0,3.0,,,,,,,,,,,,,,,
259.0,2693.0,4.0,4.0,2.0,1.0,535.0,2014.0,6.0,,,,,,,,,,,,,,,
260.0,4254.0,5.0,5.0,2.0,2.0,321.0,1950.0,9.0,,,,,,,,,,,,,,,
261.0,2630.0,4.0,4.0,2.0,1.0,433.0,1995.0,1.0,,,,,,,,,,,,,,,
262.0,1671.0,3.0,3.0,2.0,1.0,84.0,1999.0,9.0,,,,,,,,,,,,,,,
263.0,2283.0,3.0,3.0,2.0,1.0,127.0,2014.0,10.0,,,,,,,,,,,,,,,
264.0,2301.0,4.0,4.0,2.0,1.0,251.0,2009.0,7.0,,,,,,,,,,,,,,,
265.0,3487.0,4.0,4.0,2.0,2.0,244.0,1960.0,6.0,,,,,,,,,,,,,,,
266.0,4494.0,6.0,6.0,2.0,2.0,430.0,1989.0,1.0,,,,,,,,,,,,,,,
267.0,4269.0,5.0,5.0,2.0,2.0,600.0,1963.0,1.0,,,,,,,,,,,,,,,
268.0,3682.0,5.0,5.0,2.0,2.0,475.0,1980.0,5.0,,,,,,,,,,,,,,,
269.0,2187.0,3.0,3.0,2.0,1.0,194.0,1991.0,8.0,,,,,,,,,,,,,,,
270.0,2563.0,4.0,4.0,2.0,1.0,411.0,1967.0,10.0,,,,,,,,,,,,,,,
271.0,1401.0,,3.0,1.0,1.0,,1987.0,2.0,,,,,,,,,,,,,,,
272.0,4618.0,6.0,6.0,3.0,2.0,23.0,1993.0,8.0,,,,,,,,,,,,,,,
273.0,1765.0,3.0,3.0,2.0,1.0,221.0,2002.0,7.0,,,,,,,,,,,,,,,
274.0,4827.0,,6.0,3.0,2.0,311.0,2009.0,2.0,,,,,,,,,,,,,,,
275.0,3578.0,4.0,4.0,2.0,2.0,635.0,1950.0,6.0,,,,,,,,,,,,,,,
276.0,1249.0,2.0,2.0,1.0,1.0,144.0,2017.0,4.0,,,,,,,,,,,,,,,
277.0,1844.0,3.0,3.0,2.0,1.0,360.0,1986.0,6.0,,,,,,,,,,,,,,,
278.0,4668.0,,6.0,3.0,2.0,109.0,1959.0,4.0,,,,,,,,,,,,,,,
279.0,3819.0,5.0,5.0,2.0,2.0,111.0,1986.0,10.0,,,,,,,,,,,,,,,
280.0,4841.0,6.0,6.0,3.0,2.0,467.0,1958.0,8.0,,,,,,,,,,,,,,,
281.0,3616.0,5.0,5.0,2.0,2.0,355.0,1983.0,8.0,,,,,,,,,,,,,,,
282.0,2773.0,4.0,4.0,2.0,1.0,529.0,2004.0,9.0,,,,,,,,,,,,,,,
283.0,2137.0,3.0,3.0,2.0,1.0,,1997.0,10.0,,,,,,,,,,,,,,,
284.0,3540.0,4.0,4.0,2.0,2.0,583.0,1959.0,10.0,,,,,,,,,,,,,,,
285.0,4824.0,6.0,6.0,3.0,2.0,,1996.0,2.0,,,,,,,,,,,,,,,
286.0,2246.0,3.0,3.0,2.0,1.0,422.0,2010.0,4.0,,,,,,,,,,,,,,,
287.0,786.0,1.0,1.0,1.0,1.0,63.0,2023.0,6.0,,,,,,,,,,,,,,,
288.0,3668.0,,5.0,2.0,2.0,678.0,1997.0,7.0,,,,,,,,,,,,,,,
289.0,2880.0,4.0,4.0,2.0,1.0,11.0,1976.0,10.0,,,,,,,,,,,,,,,
290.0,3025.0,4.0,4.0,2.0,2.0,170.0,2008.0,2.0,,,,,,,,,,,,,,,
291.0,4559.0,6.0,6.0,3.0,2.0,570.0,1960.0,5.0,,,,,,,,,,,,,,,
292.0,4952.0,6.0,6.0,3.0,2.0,909.0,2000.0,8.0,,,,,,,,,,,,,,,
293.0,4789.0,6.0,6.0,3.0,2.0,359.0,1976.0,8.0,,,,,,,,,,,,,,,
294.0,1346.0,2.0,2.0,1.0,1.0,29.0,2004.0,5.0,,,,,,,,,,,,,,,
295.0,4259.0,,5.0,2.0,2.0,654.0,2012.0,1.0,,,,,,,,,,,,,,,
296.0,4499.0,6.0,6.0,2.0,2.0,726.0,1956.0,7.0,,,,,,,,,,,,,,,
297.0,2428.0,4.0,4.0,2.0,1.0,80.0,1982.0,3.0,,,,,,,,,,,,,,,
298.0,589.0,1.0,1.0,1.0,1.0,30.0,1976.0,4.0,,,,,,,,,,,,,,,
299.0,4740.0,6.0,6.0,3.0,2.0,719.0,1967.0,7.0,,,,,,,,,,,,,,,
300.0,2126.0,3.0,3.0,2.0,1.0,247.0,1977.0,7.0,,,,,,,,,,,,,,,
301.0,4349.0,5.0,5.0,2.0,2.0,830.0,2010.0,5.0,,,,,,,,,,,,,,,
302.0,3410.0,4.0,4.0,2.0,2.0,53.0,1978.0,7.0,,,,,,,,,,,,,,,
303.0,1303.0,2.0,2.0,1.0,1.0,1.0,1992.0,8.0,,,,,,,,,,,,,,,
304.0,1136.0,2.0,2.0,1.0,1.0,13.0,1986.0,8.0,,,,,,,,,,,,,,,
305.0,1245.0,2.0,2.0,1.0,1.0,15.0,1953.0,10.0,,,,,,,,,,,,,,,
306.0,1502.0,3.0,3.0,2.0,1.0,83.0,1966.0,5.0,,,,,,,,,,,,,,,
307.0,1845.0,3.0,3.0,2.0,1.0,276.0,1957.0,3.0,,,,,,,,,,,,,,,
308.0,3320.0,4.0,4.0,2.0,2.0,,1972.0,5.0,,,,,,,,,,,,,,,
309.0,705.0,1.0,1.0,1.0,1.0,,1994.0,2.0,,,,,,,,,,,,,,,
310.0,4671.0,,6.0,3.0,2.0,474.0,1973.0,10.0,,,,,,,,,,,,,,,
311.0,3431.0,4.0,4.0,2.0,2.0,,2001.0,8.0,,,,,,,,,,,,,,,
312.0,623.0,1.0,1.0,1.0,1.0,68.0,1960.0,10.0,,,,,,,,,,,,,,,
313.0,947.0,,1.0,1.0,1.0,166.0,1960.0,3.0,,,,,,,,,,,,,,,
314.0,1749.0,3.0,3.0,2.0,1.0,203.0,1955.0,3.0,,,,,,,,,,,,,,,
315.0,2097.0,3.0,3.0,2.0,1.0,260.0,2018.0,4.0,,,,,,,,,,,,,,,
316.0,782.0,,1.0,1.0,1.0,,2015.0,6.0,,,,,,,,,,,,,,,
317.0,3248.0,4.0,4.0,2.0,2.0,422.0,1969.0,10.0,,,,,,,,,,,,,,,
318.0,2779.0,4.0,4.0,2.0,1.0,339.0,1970.0,4.0,,,,,,,,,,,,,,,
319.0,3661.0,5.0,5.0,2.0,2.0,714.0,1984.0,6.0,,,,,,,,,,,,,,,
320.0,4040.0,5.0,5.0,2.0,2.0,,2018.0,6.0,,,,,,,,,,,,,,,
321.0,1085.0,2.0,2.0,1.0,1.0,129.0,2014.0,1.0,,,,,,,,,,,,,,,
322.0,4402.0,6.0,6.0,2.0,2.0,345.0,1953.0,2.0,,,,,,,,,,,,,,,
323.0,3041.0,4.0,4.0,2.0,2.0,246.0,1976.0,7.0,,,,,,,,,,,,,,,
324.0,1535.0,,3.0,2.0,1.0,51.0,1971.0,7.0,,,,,,,,,,,,,,,
325.0,3246.0,4.0,4.0,2.0,2.0,274.0,1978.0,4.0,,,,,,,,,,,,,,,
326.0,3570.0,,4.0,2.0,2.0,370.0,2014.0,5.0,,,,,,,,,,,,,,,
327.0,807.0,1.0,1.0,1.0,1.0,91.0,1998.0,5.0,,,,,,,,,,,,,,,
328.0,3670.0,5.0,5.0,2.0,2.0,43.0,1950.0,9.0,,,,,,,,,,,,,,,
329.0,1769.0,3.0,3.0,2.0,1.0,215.0,2013.0,7.0,,,,,,,,,,,,,,,
330.0,2398.0,4.0,4.0,2.0,1.0,121.0,1964.0,7.0,,,,,,,,,,,,,,,
331.0,888.0,1.0,1.0,1.0,1.0,,2009.0,3.0,,,,,,,,,,,,,,,
332.0,2416.0,4.0,4.0,2.0,1.0,4.0,2011.0,9.0,,,,,,,,,,,,,,,
333.0,1061.0,2.0,2.0,1.0,1.0,72.0,1969.0,9.0,,,,,,,,,,,,,,,
334.0,1382.0,2.0,2.0,1.0,1.0,210.0,2006.0,8.0,,,,,,,,,,,,,,,
335.0,3098.0,4.0,4.0,2.0,2.0,613.0,1983.0,9.0,,,,,,,,,,,,,,,
336.0,4931.0,6.0,6.0,3.0,2.0,418.0,1958.0,7.0,,,,,,,,,,,,,,,
337.0,1106.0,2.0,2.0,1.0,1.0,33.0,2009.0,1.0,,,,,,,,,,,,,,,
338.0,2058.0,3.0,3.0,2.0,1.0,292.0,1979.0,5.0,,,,,,,,,,,,,,,
339.0,4912.0,6.0,6.0,3.0,2.0,409.0,1995.0,2.0,,,,,,,,,,,,,,,
340.0,2678.0,4.0,4.0,2.0,1.0,136.0,2015.0,1.0,,,,,,,,,,,,,,,
341.0,3575.0,4.0,4.0,2.0,2.0,313.0,1974.0,4.0,,,,,,,,,,,,,,,
342.0,1960.0,3.0,3.0,2.0,1.0,127.0,2014.0,10.0,,,,,,,,,,,,,,,
343.0,2218.0,3.0,3.0,2.0,1.0,,1994.0,5.0,,,,,,,,,,,,,,,
344.0,1420.0,3.0,3.0,1.0,1.0,67.0,1956.0,8.0,,,,,,,,,,,,,,,
345.0,1651.0,,3.0,2.0,1.0,16.0,2020.0,2.0,,,,,,,,,,,,,,,
346.0,4415.0,6.0,6.0,2.0,2.0,144.0,1994.0,2.0,,,,,,,,,,,,,,,
347.0,519.0,,1.0,1.0,1.0,12.0,1967.0,5.0,,,,,,,,,,,,,,,
348.0,3728.0,5.0,5.0,2.0,2.0,513.0,1997.0,7.0,,,,,,,,,,,,,,,
349.0,2592.0,4.0,4.0,2.0,1.0,365.0,1981.0,5.0,,,,,,,,,,,,,,,
350.0,3320.0,4.0,4.0,2.0,2.0,341.0,1981.0,3.0,,,,,,,,,,,,,,,
351.0,1077.0,2.0,2.0,1.0,1.0,158.0,2018.0,1.0,,,,,,,,,,,,,,,
352.0,3840.0,5.0,5.0,2.0,2.0,705.0,1975.0,8.0,,,,,,,,,,,,,,,
353.0,3588.0,4.0,4.0,2.0,2.0,362.0,1983.0,8.0,,,,,,,,,,,,,,,
354.0,1503.0,3.0,3.0,2.0,1.0,153.0,1974.0,4.0,,,,,,,,,,,,,,,
355.0,2463.0,4.0,4.0,2.0,1.0,184.0,1991.0,7.0,,,,,,,,,,,,,,,
356.0,2834.0,4.0,4.0,2.0,1.0,423.0,1990.0,1.0,,,,,,,,,,,,,,,
357.0,2922.0,4.0,4.0,2.0,1.0,481.0,1966.0,8.0,,,,,,,,,,,,,,,
358.0,3397.0,,4.0,2.0,2.0,370.0,1963.0,7.0,,,,,,,,,,,,,,,
359.0,2791.0,4.0,4.0,2.0,1.0,16.0,1950.0,1.0,,,,,,,,,,,,,,,
360.0,969.0,1.0,1.0,1.0,1.0,125.0,1950.0,2.0,,,,,,,,,,,,,,,
361.0,2607.0,4.0,4.0,2.0,1.0,134.0,1952.0,3.0,,,,,,,,,,,,,,,
362.0,4403.0,,6.0,2.0,2.0,698.0,1976.0,4.0,,,,,,,,,,,,,,,
363.0,4885.0,6.0,6.0,3.0,2.0,459.0,1957.0,5.0,,,,,,,,,,,,,,,
364.0,1228.0,2.0,2.0,1.0,1.0,127.0,1977.0,5.0,,,,,,,,,,,,,,,
365.0,3882.0,5.0,5.0,2.0,2.0,567.0,1983.0,7.0,,,,,,,,,,,,,,,
366.0,513.0,1.0,1.0,1.0,1.0,57.0,1961.0,5.0,,,,,,,,,,,,,,,
367.0,4087.0,5.0,5.0,2.0,2.0,597.0,1960.0,5.0,,,,,,,,,,,,,,,
368.0,1668.0,3.0,3.0,2.0,1.0,265.0,1987.0,1.0,,,,,,,,,,,,,,,
369.0,3909.0,5.0,5.0,2.0,2.0,713.0,1977.0,6.0,,,,,,,,,,,,,,,
370.0,1998.0,3.0,3.0,2.0,1.0,245.0,1984.0,1.0,,,,,,,,,,,,,,,
371.0,576.0,1.0,1.0,1.0,1.0,110.0,1965.0,10.0,,,,,,,,,,,,,,,
372.0,1693.0,3.0,3.0,2.0,1.0,180.0,1992.0,1.0,,,,,,,,,,,,,,,
373.0,4625.0,6.0,6.0,3.0,2.0,432.0,1966.0,6.0,,,,,,,,,,,,,,,
374.0,2317.0,4.0,4.0,2.0,1.0,59.0,1972.0,2.0,,,,,,,,,,,,,,,
375.0,848.0,1.0,1.0,1.0,1.0,27.0,1966.0,1.0,,,,,,,,,,,,,,,
376.0,2487.0,4.0,4.0,2.0,1.0,1.0,1973.0,2.0,,,,,,,,,,,,,,,
377.0,519.0,1.0,1.0,1.0,1.0,71.0,2002.0,4.0,,,,,,,,,,,,,,,
378.0,3615.0,5.0,5.0,2.0,2.0,107.0,1955.0,4.0,,,,,,,,,,,,,,,
379.0,4861.0,6.0,6.0,3.0,2.0,739.0,2013.0,8.0,,,,,,,,,,,,,,,
380.0,1548.0,3.0,3.0,2.0,1.0,50.0,1984.0,1.0,,,,,,,,,,,,,,,
381.0,843.0,1.0,1.0,1.0,1.0,32.0,2013.0,8.0,,,,,,,,,,,,,,,
382.0,1444.0,3.0,3.0,1.0,1.0,115.0,1965.0,5.0,,,,,,,,,,,,,,,
383.0,577.0,1.0,1.0,1.0,1.0,,1999.0,2.0,,,,,,,,,,,,,,,
384.0,3626.0,5.0,5.0,2.0,2.0,294.0,1994.0,6.0,,,,,,,,,,,,,,,
385.0,3841.0,5.0,5.0,2.0,2.0,734.0,1980.0,8.0,,,,,,,,,,,,,,,
386.0,2681.0,4.0,4.0,2.0,1.0,358.0,2005.0,1.0,,,,,,,,,,,,,,,
387.0,673.0,,1.0,1.0,1.0,71.0,2000.0,10.0,,,,,,,,,,,,,,,
388.0,4513.0,,6.0,3.0,2.0,745.0,1984.0,10.0,,,,,,,,,,,,,,,
389.0,2844.0,4.0,4.0,2.0,1.0,52.0,1968.0,1.0,,,,,,,,,,,,,,,
390.0,2230.0,3.0,3.0,2.0,1.0,78.0,1957.0,2.0,,,,,,,,,,,,,,,
391.0,3804.0,5.0,5.0,2.0,2.0,345.0,1951.0,6.0,,,,,,,,,,,,,,,
392.0,4029.0,5.0,5.0,2.0,2.0,196.0,1968.0,6.0,,,,,,,,,,,,,,,
393.0,3846.0,5.0,5.0,2.0,2.0,73.0,2006.0,1.0,,,,,,,,,,,,,,,
394.0,2990.0,4.0,4.0,2.0,1.0,517.0,1965.0,8.0,,,,,,,,,,,,,,,
395.0,4430.0,6.0,6.0,2.0,2.0,709.0,1997.0,9.0,,,,,,,,,,,,,,,
396.0,3719.0,5.0,5.0,2.0,2.0,84.0,2012.0,9.0,,,,,,,,,,,,,,,
397.0,1399.0,2.0,2.0,1.0,1.0,132.0,1990.0,8.0,,,,,,,,,,,,,,,
398.0,1590.0,3.0,3.0,2.0,1.0,166.0,2007.0,2.0,,,,,,,,,,,,,,,
399.0,2953.0,4.0,4.0,2.0,1.0,288.0,1981.0,7.0,,,,,,,,,,,,,,,
400.0,3688.0,,5.0,2.0,2.0,641.0,2023.0,5.0,,,,,,,,,,,,,,,
401.0,2667.0,4.0,4.0,2.0,1.0,23.0,1997.0,2.0,,,,,,,,,,,,,,,
402.0,4370.0,5.0,5.0,2.0,2.0,747.0,1954.0,9.0,,,,,,,,,,,,,,,
403.0,1443.0,3.0,3.0,1.0,1.0,200.0,2013.0,5.0,,,,,,,,,,,,,,,
404.0,763.0,1.0,1.0,1.0,1.0,146.0,2023.0,4.0,,,,,,,,,,,,,,,
405.0,4421.0,6.0,6.0,2.0,2.0,796.0,2018.0,3.0,,,,,,,,,,,,,,,
406.0,4025.0,5.0,5.0,2.0,2.0,657.0,1993.0,6.0,,,,,,,,,,,,,,,
407.0,4555.0,6.0,6.0,3.0,2.0,89.0,1980.0,6.0,,,,,,,,,,,,,,,
408.0,777.0,,1.0,1.0,1.0,118.0,1951.0,4.0,,,,,,,,,,,,,,,
409.0,4795.0,6.0,6.0,3.0,2.0,833.0,1993.0,3.0,,,,,,,,,,,,,,,
410.0,2298.0,3.0,3.0,2.0,1.0,407.0,1974.0,3.0,,,,,,,,,,,,,,,
411.0,3850.0,5.0,5.0,2.0,2.0,603.0,1964.0,9.0,,,,,,,,,,,,,,,
412.0,4556.0,6.0,6.0,3.0,2.0,824.0,1993.0,5.0,,,,,,,,,,,,,,,
413.0,3422.0,4.0,4.0,2.0,2.0,464.0,1970.0,6.0,,,,,,,,,,,,,,,
414.0,581.0,1.0,1.0,1.0,1.0,0.0,1952.0,2.0,,,,,,,,,,,,,,,
415.0,4545.0,6.0,6.0,3.0,2.0,523.0,2006.0,6.0,,,,,,,,,,,,,,,
416.0,4337.0,5.0,5.0,2.0,2.0,663.0,1962.0,9.0,,,,,,,,,,,,,,,
417.0,4117.0,5.0,5.0,2.0,2.0,692.0,1992.0,7.0,,,,,,,,,,,,,,,
418.0,4328.0,5.0,5.0,2.0,2.0,808.0,1955.0,5.0,,,,,,,,,,,,,,,
419.0,2473.0,,4.0,2.0,1.0,,2009.0,7.0,,,,,,,,,,,,,,,
420.0,2579.0,4.0,4.0,2.0,1.0,14.0,1991.0,9.0,,,,,,,,,,,,,,,
421.0,1654.0,,3.0,2.0,1.0,245.0,1979.0,10.0,,,,,,,,,,,,,,,
422.0,1965.0,3.0,3.0,2.0,1.0,335.0,1974.0,5.0,,,,,,,,,,,,,,,
423.0,4888.0,6.0,6.0,3.0,2.0,152.0,2022.0,9.0,,,,,,,,,,,,,,,
424.0,2846.0,4.0,4.0,2.0,1.0,302.0,2021.0,6.0,,,,,,,,,,,,,,,
425.0,2256.0,3.0,3.0,2.0,1.0,67.0,1988.0,8.0,,,,,,,,,,,,,,,
426.0,3189.0,4.0,4.0,2.0,2.0,95.0,1977.0,4.0,,,,,,,,,,,,,,,
427.0,2517.0,4.0,4.0,2.0,1.0,21.0,2011.0,5.0,,,,,,,,,,,,,,,
428.0,665.0,1.0,1.0,1.0,1.0,38.0,2013.0,4.0,,,,,,,,,,,,,,,
429.0,939.0,1.0,1.0,1.0,1.0,95.0,2004.0,7.0,,,,,,,,,,,,,,,
430.0,3491.0,4.0,4.0,2.0,2.0,291.0,2014.0,6.0,,,,,,,,,,,,,,,
431.0,1420.0,3.0,3.0,1.0,1.0,36.0,1990.0,2.0,,,,,,,,,,,,,,,
432.0,1184.0,,2.0,1.0,1.0,154.0,1981.0,6.0,,,,,,,,,,,,,,,
433.0,2561.0,4.0,4.0,2.0,1.0,187.0,1990.0,10.0,,,,,,,,,,,,,,,
434.0,1712.0,3.0,3.0,2.0,1.0,108.0,1984.0,7.0,,,,,,,,,,,,,,,
435.0,2163.0,3.0,3.0,2.0,1.0,,2009.0,2.0,,,,,,,,,,,,,,,
436.0,771.0,1.0,1.0,1.0,1.0,78.0,1951.0,1.0,,,,,,,,,,,,,,,
437.0,1172.0,2.0,2.0,1.0,1.0,176.0,1982.0,2.0,,,,,,,,,,,,,,,
438.0,4403.0,6.0,6.0,2.0,2.0,410.0,1986.0,2.0,,,,,,,,,,,,,,,
439.0,2713.0,4.0,4.0,2.0,1.0,211.0,2005.0,8.0,,,,,,,,,,,,,,,
440.0,2991.0,4.0,4.0,2.0,1.0,358.0,1967.0,9.0,,,,,,,,,,,,,,,
441.0,3568.0,4.0,4.0,2.0,2.0,72.0,1955.0,6.0,,,,,,,,,,,,,,,
442.0,1846.0,3.0,3.0,2.0,1.0,70.0,2003.0,3.0,,,,,,,,,,,,,,,
443.0,3997.0,5.0,5.0,2.0,2.0,386.0,2003.0,1.0,,,,,,,,,,,,,,,
444.0,3074.0,4.0,4.0,2.0,2.0,,1955.0,6.0,,,,,,,,,,,,,,,
445.0,4612.0,6.0,6.0,3.0,2.0,620.0,1966.0,9.0,,,,,,,,,,,,,,,
446.0,4379.0,5.0,5.0,2.0,2.0,369.0,2001.0,8.0,,,,,,,,,,,,,,,
447.0,3233.0,4.0,4.0,2.0,2.0,,1951.0,5.0,,,,,,,,,,,,,,,
448.0,2289.0,3.0,3.0,2.0,1.0,345.0,2015.0,5.0,,,,,,,,,,,,,,,
449.0,649.0,1.0,1.0,1.0,1.0,19.0,1985.0,1.0,,,,,,,,,,,,,,,
450.0,4756.0,6.0,6.0,3.0,2.0,390.0,1952.0,9.0,,,,,,,,,,,,,,,
451.0,3864.0,5.0,5.0,2.0,2.0,176.0,1977.0,3.0,,,,,,,,,,,,,,,
452.0,4112.0,,5.0,2.0,2.0,815.0,1959.0,6.0,,,,,,,,,,,,,,,
453.0,3444.0,4.0,4.0,2.0,2.0,226.0,2021.0,6.0,,,,,,,,,,,,,,,
454.0,4098.0,5.0,5.0,2.0,2.0,,1970.0,8.0,,,,,,,,,,,,,,,
455.0,1525.0,3.0,3.0,2.0,1.0,64.0,2020.0,9.0,,,,,,,,,,,,,,,
456.0,3545.0,4.0,4.0,2.0,2.0,442.0,1963.0,9.0,,,,,,,,,,,,,,,
457.0,4225.0,5.0,5.0,2.0,2.0,423.0,1998.0,5.0,,,,,,,,,,,,,,,
458.0,3840.0,5.0,5.0,2.0,2.0,676.0,2002.0,5.0,,,,,,,,,,,,,,,
459.0,1267.0,2.0,2.0,1.0,1.0,164.0,1969.0,10.0,,,,,,,,,,,,,,,
460.0,2707.0,4.0,4.0,2.0,1.0,45.0,1984.0,6.0,,,,,,,,,,,,,,,
461.0,3292.0,4.0,4.0,2.0,2.0,301.0,2005.0,8.0,,,,,,,,,,,,,,,
462.0,4814.0,6.0,6.0,3.0,2.0,903.0,1951.0,3.0,,,,,,,,,,,,,,,
463.0,1947.0,3.0,3.0,2.0,1.0,237.0,2018.0,8.0,,,,,,,,,,,,,,,
464.0,2949.0,4.0,4.0,2.0,1.0,443.0,1972.0,2.0,,,,,,,,,,,,,,,
465.0,1117.0,2.0,2.0,1.0,1.0,204.0,1985.0,8.0,,,,,,,,,,,,,,,
466.0,1426.0,3.0,3.0,1.0,1.0,134.0,2021.0,10.0,,,,,,,,,,,,,,,
467.0,2571.0,4.0,4.0,2.0,1.0,252.0,2013.0,8.0,,,,,,,,,,,,,,,
468.0,4497.0,6.0,6.0,2.0,2.0,857.0,1982.0,5.0,,,,,,,,,,,,,,,
469.0,607.0,1.0,1.0,1.0,1.0,56.0,1957.0,8.0,,,,,,,,,,,,,,,
470.0,3166.0,4.0,4.0,2.0,2.0,388.0,1979.0,8.0,,,,,,,,,,,,,,,
471.0,4186.0,5.0,5.0,2.0,2.0,530.0,1973.0,5.0,,,,,,,,,,,,,,,
472.0,4038.0,5.0,5.0,2.0,2.0,241.0,2016.0,7.0,,,,,,,,,,,,,,,
473.0,2300.0,4.0,4.0,2.0,1.0,235.0,1993.0,4.0,,,,,,,,,,,,,,,
474.0,1910.0,3.0,3.0,2.0,1.0,350.0,2018.0,6.0,,,,,,,,,,,,,,,
475.0,1299.0,2.0,2.0,1.0,1.0,,1957.0,8.0,,,,,,,,,,,,,,,
476.0,4698.0,6.0,6.0,3.0,2.0,,1959.0,6.0,,,,,,,,,,,,,,,
477.0,1473.0,3.0,3.0,1.0,1.0,204.0,2010.0,1.0,,,,,,,,,,,,,,,
478.0,2474.0,4.0,4.0,2.0,1.0,178.0,1993.0,5.0,,,,,,,,,,,,,,,
479.0,2988.0,4.0,4.0,2.0,1.0,291.0,1980.0,10.0,,,,,,,,,,,,,,,
480.0,4622.0,6.0,6.0,3.0,2.0,,1987.0,3.0,,,,,,,,,,,,,,,
481.0,989.0,1.0,1.0,1.0,1.0,192.0,1964.0,6.0,,,,,,,,,,,,,,,
482.0,4106.0,5.0,5.0,2.0,2.0,216.0,1951.0,6.0,,,,,,,,,,,,,,,
483.0,1449.0,3.0,3.0,1.0,1.0,63.0,2021.0,3.0,,,,,,,,,,,,,,,
484.0,2923.0,4.0,4.0,2.0,1.0,362.0,1955.0,1.0,,,,,,,,,,,,,,,
485.0,1956.0,3.0,3.0,2.0,1.0,339.0,1974.0,5.0,,,,,,,,,,,,,,,
486.0,4249.0,5.0,5.0,2.0,2.0,467.0,2013.0,3.0,,,,,,,,,,,,,,,
487.0,3112.0,4.0,4.0,2.0,2.0,293.0,2008.0,9.0,,,,,,,,,,,,,,,
488.0,1410.0,3.0,3.0,1.0,1.0,233.0,1965.0,10.0,,,,,,,,,,,,,,,
489.0,714.0,1.0,1.0,1.0,1.0,,1988.0,9.0,,,,,,,,,,,,,,,
490.0,3839.0,5.0,5.0,2.0,2.0,,1971.0,4.0,,,,,,,,,,,,,,,
491.0,3499.0,4.0,4.0,2.0,2.0,319.0,1999.0,4.0,,,,,,,,,,,,,,,
492.0,2840.0,4.0,4.0,2.0,1.0,188.0,2018.0,3.0,,,,,,,,,,,,,,,
493.0,4387.0,5.0,5.0,2.0,2.0,203.0,1996.0,1.0,,,,,,,,,,,,,,,
494.0,2865.0,4.0,4.0,2.0,1.0,217.0,1982.0,9.0,,,,,,,,,,,,,,,
495.0,4947.0,6.0,6.0,3.0,2.0,526.0,2006.0,7.0,,,,,,,,,,,,,,,
496.0,4222.0,5.0,5.0,2.0,2.0,113.0,2000.0,2.0,,,,,,,,,,,,,,,
497.0,4085.0,5.0,5.0,2.0,2.0,271.0,1958.0,4.0,,,,,,,,,,,,,,,
498.0,3882.0,5.0,5.0,2.0,2.0,770.0,2008.0,1.0,,,,,,,,,,,,,,,
499.0,2066.0,3.0,3.0,2.0,1.0,295.0,2001.0,5.0,,,,,,,,,,,,,,,
500.0,4550.0,6.0,6.0,3.0,2.0,,1956.0,7.0,,,,,,,,,,,,,,,
501.0,2906.0,4.0,4.0,2.0,1.0,,1993.0,6.0,,,,,,,,,,,,,,,
502.0,2546.0,4.0,4.0,2.0,1.0,185.0,1973.0,10.0,,,,,,,,,,,,,,,
503.0,4405.0,,6.0,2.0,2.0,109.0,1977.0,2.0,,,,,,,,,,,,,,,
504.0,3216.0,4.0,4.0,2.0,2.0,30.0,1964.0,1.0,,,,,,,,,,,,,,,
505.0,2296.0,3.0,3.0,2.0,1.0,310.0,2009.0,1.0,,,,,,,,,,,,,,,
506.0,3278.0,4.0,4.0,2.0,2.0,622.0,1982.0,5.0,,,,,,,,,,,,,,,
507.0,3029.0,4.0,4.0,2.0,2.0,158.0,2011.0,7.0,,,,,,,,,,,,,,,
508.0,4367.0,5.0,5.0,2.0,2.0,826.0,2009.0,10.0,,,,,,,,,,,,,,,
509.0,4725.0,6.0,6.0,3.0,2.0,484.0,1966.0,7.0,,,,,,,,,,,,,,,
510.0,2101.0,3.0,3.0,2.0,1.0,358.0,1958.0,6.0,,,,,,,,,,,,,,,
511.0,3795.0,5.0,5.0,2.0,2.0,627.0,1958.0,3.0,,,,,,,,,,,,,,,
512.0,2040.0,3.0,3.0,2.0,1.0,227.0,1961.0,2.0,,,,,,,,,,,,,,,
513.0,3890.0,5.0,5.0,2.0,2.0,482.0,1990.0,7.0,,,,,,,,,,,,,,,
514.0,4407.0,6.0,6.0,2.0,2.0,375.0,1975.0,9.0,,,,,,,,,,,,,,,
515.0,3934.0,5.0,5.0,2.0,2.0,760.0,2019.0,4.0,,,,,,,,,,,,,,,
516.0,4682.0,6.0,6.0,3.0,2.0,237.0,1969.0,4.0,,,,,,,,,,,,,,,
517.0,4103.0,5.0,5.0,2.0,2.0,148.0,1977.0,3.0,,,,,,,,,,,,,,,
518.0,3622.0,5.0,5.0,2.0,2.0,244.0,1983.0,2.0,,,,,,,,,,,,,,,
519.0,1061.0,2.0,2.0,1.0,1.0,27.0,1985.0,10.0,,,,,,,,,,,,,,,
520.0,4392.0,5.0,5.0,2.0,2.0,313.0,2011.0,1.0,,,,,,,,,,,,,,,
521.0,2894.0,,4.0,2.0,1.0,,1955.0,4.0,,,,,,,,,,,,,,,
522.0,4871.0,6.0,6.0,3.0,2.0,361.0,2018.0,7.0,,,,,,,,,,,,,,,
523.0,2155.0,3.0,3.0,2.0,1.0,220.0,1957.0,10.0,,,,,,,,,,,,,,,
524.0,3401.0,4.0,4.0,2.0,2.0,355.0,1968.0,4.0,,,,,,,,,,,,,,,
525.0,3597.0,4.0,4.0,2.0,2.0,500.0,1962.0,1.0,,,,,,,,,,,,,,,
526.0,2527.0,4.0,4.0,2.0,1.0,213.0,1990.0,10.0,,,,,,,,,,,,,,,
527.0,4084.0,5.0,5.0,2.0,2.0,,1996.0,6.0,,,,,,,,,,,,,,,
528.0,3237.0,4.0,4.0,2.0,2.0,636.0,1996.0,3.0,,,,,,,,,,,,,,,
529.0,3814.0,5.0,5.0,2.0,2.0,717.0,1993.0,5.0,,,,,,,,,,,,,,,
530.0,652.0,1.0,1.0,1.0,1.0,121.0,2015.0,6.0,,,,,,,,,,,,,,,
531.0,3460.0,4.0,4.0,2.0,2.0,25.0,1998.0,1.0,,,,,,,,,,,,,,,
532.0,4950.0,6.0,6.0,3.0,2.0,712.0,1985.0,10.0,,,,,,,,,,,,,,,
533.0,576.0,1.0,1.0,1.0,1.0,52.0,1990.0,5.0,,,,,,,,,,,,,,,
534.0,1259.0,,2.0,1.0,1.0,14.0,1965.0,10.0,,,,,,,,,,,,,,,
535.0,4696.0,6.0,6.0,3.0,2.0,214.0,1960.0,5.0,,,,,,,,,,,,,,,
536.0,1469.0,3.0,3.0,1.0,1.0,95.0,1968.0,6.0,,,,,,,,,,,,,,,
537.0,824.0,1.0,1.0,1.0,1.0,100.0,1969.0,1.0,,,,,,,,,,,,,,,
538.0,3934.0,5.0,5.0,2.0,2.0,453.0,2015.0,2.0,,,,,,,,,,,,,,,
539.0,1218.0,,2.0,1.0,1.0,77.0,1992.0,3.0,,,,,,,,,,,,,,,
540.0,1387.0,2.0,2.0,1.0,1.0,112.0,1977.0,9.0,,,,,,,,,,,,,,,
541.0,2972.0,4.0,4.0,2.0,1.0,462.0,1990.0,2.0,,,,,,,,,,,,,,,
542.0,2658.0,4.0,4.0,2.0,1.0,506.0,2019.0,10.0,,,,,,,,,,,,,,,
543.0,685.0,1.0,1.0,1.0,1.0,68.0,2000.0,10.0,,,,,,,,,,,,,,,
544.0,3073.0,4.0,4.0,2.0,2.0,99.0,1968.0,3.0,,,,,,,,,,,,,,,
545.0,3601.0,5.0,5.0,2.0,2.0,61.0,1957.0,9.0,,,,,,,,,,,,,,,
546.0,4538.0,6.0,6.0,3.0,2.0,643.0,1996.0,2.0,,,,,,,,,,,,,,,
547.0,3590.0,4.0,4.0,2.0,2.0,382.0,2002.0,9.0,,,,,,,,,,,,,,,
548.0,3705.0,5.0,5.0,2.0,2.0,687.0,2011.0,2.0,,,,,,,,,,,,,,,
549.0,1033.0,2.0,2.0,1.0,1.0,143.0,1960.0,9.0,,,,,,,,,,,,,,,
550.0,4812.0,6.0,6.0,3.0,2.0,811.0,2011.0,4.0,,,,,,,,,,,,,,,
551.0,3148.0,,4.0,2.0,2.0,228.0,1952.0,1.0,,,,,,,,,,,,,,,
552.0,3214.0,4.0,4.0,2.0,2.0,458.0,1959.0,7.0,,,,,,,,,,,,,,,
553.0,1687.0,,3.0,2.0,1.0,20.0,1988.0,1.0,,,,,,,,,,,,,,,
554.0,1819.0,3.0,3.0,2.0,1.0,46.0,2020.0,3.0,,,,,,,,,,,,,,,
555.0,4918.0,6.0,6.0,3.0,2.0,163.0,1957.0,1.0,,,,,,,,,,,,,,,
556.0,2646.0,4.0,4.0,2.0,1.0,176.0,1951.0,4.0,,,,,,,,,,,,,,,
557.0,3914.0,5.0,5.0,2.0,2.0,290.0,1983.0,2.0,,,,,,,,,,,,,,,
558.0,4459.0,6.0,6.0,2.0,2.0,661.0,1979.0,1.0,,,,,,,,,,,,,,,
559.0,2619.0,4.0,4.0,2.0,1.0,320.0,2003.0,9.0,,,,,,,,,,,,,,,
560.0,2573.0,4.0,4.0,2.0,1.0,512.0,2020.0,6.0,,,,,,,,,,,,,,,
561.0,4837.0,6.0,6.0,3.0,2.0,,1955.0,1.0,,,,,,,,,,,,,,,
562.0,2818.0,4.0,4.0,2.0,1.0,430.0,1995.0,4.0,,,,,,,,,,,,,,,
563.0,1017.0,,2.0,1.0,1.0,179.0,2020.0,6.0,,,,,,,,,,,,,,,
564.0,847.0,1.0,1.0,1.0,1.0,168.0,1965.0,6.0,,,,,,,,,,,,,,,
565.0,2943.0,4.0,4.0,2.0,1.0,480.0,1970.0,8.0,,,,,,,,,,,,,,,
566.0,4060.0,5.0,5.0,2.0,2.0,709.0,2018.0,5.0,,,,,,,,,,,,,,,
567.0,3935.0,5.0,5.0,2.0,2.0,321.0,1964.0,5.0,,,,,,,,,,,,,,,
568.0,3255.0,4.0,4.0,2.0,2.0,615.0,1978.0,5.0,,,,,,,,,,,,,,,
569.0,3108.0,4.0,4.0,2.0,2.0,,1982.0,7.0,,,,,,,,,,,,,,,
570.0,4543.0,6.0,6.0,3.0,2.0,712.0,2020.0,6.0,,,,,,,,,,,,,,,
571.0,1234.0,2.0,2.0,1.0,1.0,49.0,1982.0,10.0,,,,,,,,,,,,,,,
572.0,4122.0,5.0,5.0,2.0,2.0,766.0,1995.0,4.0,,,,,,,,,,,,,,,
573.0,1451.0,,3.0,1.0,1.0,,1980.0,8.0,,,,,,,,,,,,,,,
574.0,2122.0,3.0,3.0,2.0,1.0,325.0,2010.0,5.0,,,,,,,,,,,,,,,
575.0,4825.0,6.0,6.0,3.0,2.0,509.0,1992.0,1.0,,,,,,,,,,,,,,,
576.0,1913.0,3.0,3.0,2.0,1.0,321.0,2014.0,6.0,,,,,,,,,,,,,,,
577.0,2003.0,3.0,3.0,2.0,1.0,192.0,1988.0,9.0,,,,,,,,,,,,,,,
578.0,4057.0,5.0,5.0,2.0,2.0,577.0,1977.0,1.0,,,,,,,,,,,,,,,
579.0,925.0,1.0,1.0,1.0,1.0,90.0,1967.0,5.0,,,,,,,,,,,,,,,
580.0,4682.0,6.0,6.0,3.0,2.0,766.0,1971.0,1.0,,,,,,,,,,,,,,,
581.0,3763.0,5.0,5.0,2.0,2.0,342.0,1988.0,2.0,,,,,,,,,,,,,,,
582.0,1480.0,3.0,3.0,1.0,1.0,201.0,1958.0,8.0,,,,,,,,,,,,,,,
583.0,4791.0,6.0,6.0,3.0,2.0,477.0,1970.0,7.0,,,,,,,,,,,,,,,
584.0,1776.0,3.0,3.0,2.0,1.0,197.0,2019.0,3.0,,,,,,,,,,,,,,,
585.0,2352.0,,4.0,2.0,1.0,,1996.0,8.0,,,,,,,,,,,,,,,
586.0,1962.0,3.0,3.0,2.0,1.0,170.0,1970.0,6.0,,,,,,,,,,,,,,,
587.0,2040.0,3.0,3.0,2.0,1.0,57.0,1981.0,4.0,,,,,,,,,,,,,,,
588.0,2225.0,3.0,3.0,2.0,1.0,162.0,1974.0,7.0,,,,,,,,,,,,,,,
589.0,3208.0,4.0,4.0,2.0,2.0,239.0,1986.0,6.0,,,,,,,,,,,,,,,
590.0,3944.0,5.0,5.0,2.0,2.0,481.0,2006.0,6.0,,,,,,,,,,,,,,,
591.0,4809.0,6.0,6.0,3.0,2.0,,2015.0,8.0,,,,,,,,,,,,,,,
592.0,4750.0,6.0,6.0,3.0,2.0,92.0,1972.0,8.0,,,,,,,,,,,,,,,
593.0,3699.0,5.0,5.0,2.0,2.0,368.0,1982.0,7.0,,,,,,,,,,,,,,,
594.0,1753.0,3.0,3.0,2.0,1.0,297.0,1978.0,6.0,,,,,,,,,,,,,,,
595.0,2230.0,3.0,3.0,2.0,1.0,445.0,1998.0,1.0,,,,,,,,,,,,,,,
596.0,2229.0,3.0,3.0,2.0,1.0,404.0,1967.0,10.0,,,,,,,,,,,,,,,
597.0,3905.0,5.0,5.0,2.0,2.0,609.0,1957.0,3.0,,,,,,,,,,,,,,,
598.0,1500.0,3.0,3.0,2.0,1.0,155.0,1972.0,1.0,,,,,,,,,,,,,,,
599.0,2719.0,4.0,4.0,2.0,1.0,414.0,1975.0,7.0,,,,,,,,,,,,,,,
600.0,4528.0,6.0,6.0,3.0,2.0,249.0,2018.0,1.0,,,,,,,,,,,,,,,
601.0,840.0,1.0,1.0,1.0,1.0,131.0,1990.0,2.0,,,,,,,,,,,,,,,
602.0,2105.0,3.0,3.0,2.0,1.0,407.0,2003.0,6.0,,,,,,,,,,,,,,,
603.0,676.0,1.0,1.0,1.0,1.0,127.0,2009.0,2.0,,,,,,,,,,,,,,,
604.0,1271.0,2.0,2.0,1.0,1.0,29.0,1960.0,10.0,,,,,,,,,,,,,,,
605.0,4250.0,5.0,5.0,2.0,2.0,830.0,2018.0,9.0,,,,,,,,,,,,,,,
606.0,2695.0,4.0,4.0,2.0,1.0,11.0,1986.0,5.0,,,,,,,,,,,,,,,
607.0,3683.0,5.0,5.0,2.0,2.0,530.0,1971.0,4.0,,,,,,,,,,,,,,,
608.0,2847.0,4.0,4.0,2.0,1.0,329.0,2002.0,2.0,,,,,,,,,,,,,,,
609.0,2143.0,3.0,3.0,2.0,1.0,259.0,2016.0,3.0,,,,,,,,,,,,,,,
610.0,3564.0,4.0,4.0,2.0,2.0,595.0,2019.0,1.0,,,,,,,,,,,,,,,
611.0,2869.0,4.0,4.0,2.0,1.0,309.0,1958.0,7.0,,,,,,,,,,,,,,,
612.0,4842.0,6.0,6.0,3.0,2.0,387.0,1986.0,4.0,,,,,,,,,,,,,,,
613.0,1551.0,3.0,3.0,2.0,1.0,,1977.0,6.0,,,,,,,,,,,,,,,
614.0,3464.0,4.0,4.0,2.0,2.0,200.0,1988.0,6.0,,,,,,,,,,,,,,,
615.0,4310.0,5.0,5.0,2.0,2.0,493.0,1964.0,2.0,,,,,,,,,,,,,,,
616.0,2096.0,3.0,3.0,2.0,1.0,13.0,2010.0,4.0,,,,,,,,,,,,,,,
617.0,551.0,1.0,1.0,1.0,1.0,90.0,1955.0,6.0,,,,,,,,,,,,,,,
618.0,3114.0,4.0,4.0,2.0,2.0,529.0,2007.0,3.0,,,,,,,,,,,,,,,
619.0,3794.0,5.0,5.0,2.0,2.0,268.0,1997.0,8.0,,,,,,,,,,,,,,,
620.0,1495.0,3.0,3.0,1.0,1.0,245.0,1987.0,9.0,,,,,,,,,,,,,,,
621.0,2733.0,4.0,4.0,2.0,1.0,7.0,2010.0,5.0,,,,,,,,,,,,,,,
622.0,1555.0,3.0,3.0,2.0,1.0,303.0,2011.0,2.0,,,,,,,,,,,,,,,
623.0,2450.0,4.0,4.0,2.0,1.0,450.0,1981.0,7.0,,,,,,,,,,,,,,,
624.0,2773.0,4.0,4.0,2.0,1.0,111.0,1959.0,1.0,,,,,,,,,,,,,,,
625.0,4579.0,6.0,6.0,3.0,2.0,,1977.0,4.0,,,,,,,,,,,,,,,
626.0,3565.0,4.0,4.0,2.0,2.0,640.0,1970.0,9.0,,,,,,,,,,,,,,,
627.0,1479.0,3.0,3.0,1.0,1.0,96.0,1999.0,8.0,,,,,,,,,,,,,,,
628.0,4572.0,6.0,6.0,3.0,2.0,281.0,2005.0,9.0,,,,,,,,,,,,,,,
629.0,731.0,1.0,1.0,1.0,1.0,95.0,2015.0,2.0,,,,,,,,,,,,,,,
630.0,1419.0,3.0,3.0,1.0,1.0,281.0,1996.0,10.0,,,,,,,,,,,,,,,
631.0,1886.0,3.0,3.0,2.0,1.0,,2018.0,9.0,,,,,,,,,,,,,,,
632.0,2035.0,3.0,3.0,2.0,1.0,245.0,2015.0,10.0,,,,,,,,,,,,,,,
633.0,4905.0,6.0,6.0,3.0,2.0,421.0,1996.0,8.0,,,,,,,,,,,,,,,
634.0,3731.0,5.0,5.0,2.0,2.0,131.0,1986.0,1.0,,,,,,,,,,,,,,,
635.0,3192.0,4.0,4.0,2.0,2.0,550.0,1964.0,2.0,,,,,,,,,,,,,,,
636.0,2322.0,4.0,4.0,2.0,1.0,436.0,2014.0,3.0,,,,,,,,,,,,,,,
637.0,3624.0,5.0,5.0,2.0,2.0,135.0,1981.0,1.0,,,,,,,,,,,,,,,
638.0,3645.0,5.0,5.0,2.0,2.0,195.0,1951.0,3.0,,,,,,,,,,,,,,,
639.0,2165.0,3.0,3.0,2.0,1.0,340.0,2008.0,1.0,,,,,,,,,,,,,,,
640.0,3767.0,5.0,5.0,2.0,2.0,174.0,2012.0,5.0,,,,,,,,,,,,,,,
641.0,3976.0,5.0,5.0,2.0,2.0,138.0,2019.0,1.0,,,,,,,,,,,,,,,
642.0,4091.0,5.0,5.0,2.0,2.0,119.0,2003.0,6.0,,,,,,,,,,,,,,,
643.0,2429.0,,4.0,2.0,1.0,316.0,1968.0,5.0,,,,,,,,,,,,,,,
644.0,4734.0,6.0,6.0,3.0,2.0,62.0,2010.0,10.0,,,,,,,,,,,,,,,
645.0,4176.0,5.0,5.0,2.0,2.0,290.0,1990.0,2.0,,,,,,,,,,,,,,,
646.0,2477.0,4.0,4.0,2.0,1.0,120.0,1972.0,5.0,,,,,,,,,,,,,,,
647.0,1428.0,3.0,3.0,1.0,1.0,114.0,2017.0,4.0,,,,,,,,,,,,,,,
648.0,4748.0,6.0,6.0,3.0,2.0,287.0,1956.0,3.0,,,,,,,,,,,,,,,
649.0,1529.0,3.0,3.0,2.0,1.0,17.0,1963.0,2.0,,,,,,,,,,,,,,,
650.0,1867.0,3.0,3.0,2.0,1.0,94.0,2009.0,5.0,,,,,,,,,,,,,,,
651.0,3610.0,5.0,5.0,2.0,2.0,681.0,1976.0,3.0,,,,,,,,,,,,,,,
652.0,4354.0,5.0,5.0,2.0,2.0,527.0,2017.0,6.0,,,,,,,,,,,,,,,
653.0,3959.0,5.0,5.0,2.0,2.0,552.0,2001.0,8.0,,,,,,,,,,,,,,,
654.0,1102.0,2.0,2.0,1.0,1.0,190.0,1989.0,4.0,,,,,,,,,,,,,,,
655.0,3701.0,5.0,5.0,2.0,2.0,,2019.0,6.0,,,,,,,,,,,,,,,
656.0,1139.0,2.0,2.0,1.0,1.0,14.0,2005.0,10.0,,,,,,,,,,,,,,,
657.0,1790.0,3.0,3.0,2.0,1.0,309.0,2006.0,6.0,,,,,,,,,,,,,,,
658.0,4792.0,6.0,6.0,3.0,2.0,88.0,1996.0,6.0,,,,,,,,,,,,,,,
659.0,2268.0,3.0,3.0,2.0,1.0,319.0,1956.0,3.0,,,,,,,,,,,,,,,
660.0,2658.0,4.0,4.0,2.0,1.0,43.0,2014.0,5.0,,,,,,,,,,,,,,,
661.0,4115.0,5.0,5.0,2.0,2.0,,1955.0,9.0,,,,,,,,,,,,,,,
662.0,3200.0,4.0,4.0,2.0,2.0,369.0,1953.0,7.0,,,,,,,,,,,,,,,
663.0,2151.0,3.0,3.0,2.0,1.0,397.0,1994.0,6.0,,,,,,,,,,,,,,,
664.0,2255.0,3.0,3.0,2.0,1.0,,1988.0,10.0,,,,,,,,,,,,,,,
665.0,539.0,1.0,1.0,1.0,1.0,84.0,1974.0,4.0,,,,,,,,,,,,,,,
666.0,4881.0,6.0,6.0,3.0,2.0,81.0,1989.0,1.0,,,,,,,,,,,,,,,
667.0,1047.0,2.0,2.0,1.0,1.0,152.0,1999.0,6.0,,,,,,,,,,,,,,,
668.0,3129.0,4.0,4.0,2.0,2.0,318.0,2017.0,7.0,,,,,,,,,,,,,,,
669.0,2933.0,4.0,4.0,2.0,1.0,560.0,1986.0,4.0,,,,,,,,,,,,,,,
670.0,2855.0,4.0,4.0,2.0,1.0,198.0,1992.0,3.0,,,,,,,,,,,,,,,
671.0,3195.0,4.0,4.0,2.0,2.0,15.0,1968.0,7.0,,,,,,,,,,,,,,,
672.0,2921.0,4.0,4.0,2.0,1.0,220.0,1971.0,4.0,,,,,,,,,,,,,,,
673.0,4922.0,6.0,6.0,3.0,2.0,110.0,2020.0,2.0,,,,,,,,,,,,,,,
674.0,4169.0,5.0,5.0,2.0,2.0,368.0,1978.0,7.0,,,,,,,,,,,,,,,
675.0,3328.0,,4.0,2.0,2.0,184.0,1973.0,8.0,,,,,,,,,,,,,,,
676.0,2257.0,,3.0,2.0,1.0,,1997.0,3.0,,,,,,,,,,,,,,,
677.0,4545.0,6.0,6.0,3.0,2.0,448.0,2013.0,9.0,,,,,,,,,,,,,,,
678.0,759.0,1.0,1.0,1.0,1.0,133.0,2023.0,9.0,,,,,,,,,,,,,,,
679.0,3387.0,4.0,4.0,2.0,2.0,315.0,1988.0,3.0,,,,,,,,,,,,,,,
680.0,2437.0,,4.0,2.0,1.0,129.0,1964.0,8.0,,,,,,,,,,,,,,,
681.0,4781.0,6.0,6.0,3.0,2.0,341.0,1991.0,2.0,,,,,,,,,,,,,,,
682.0,2127.0,3.0,3.0,2.0,1.0,388.0,1994.0,10.0,,,,,,,,,,,,,,,
683.0,4143.0,5.0,5.0,2.0,2.0,415.0,1953.0,10.0,,,,,,,,,,,,,,,
684.0,713.0,1.0,1.0,1.0,1.0,,1991.0,8.0,,,,,,,,,,,,,,,
685.0,3136.0,4.0,4.0,2.0,2.0,608.0,1960.0,9.0,,,,,,,,,,,,,,,
686.0,1991.0,3.0,3.0,2.0,1.0,173.0,1985.0,3.0,,,,,,,,,,,,,,,
687.0,1076.0,2.0,2.0,1.0,1.0,166.0,1987.0,9.0,,,,,,,,,,,,,,,
688.0,3910.0,5.0,5.0,2.0,2.0,583.0,2022.0,3.0,,,,,,,,,,,,,,,
689.0,3064.0,4.0,4.0,2.0,2.0,89.0,2022.0,9.0,,,,,,,,,,,,,,,
690.0,1176.0,2.0,2.0,1.0,1.0,148.0,1967.0,3.0,,,,,,,,,,,,,,,
691.0,2571.0,4.0,4.0,2.0,1.0,141.0,1980.0,4.0,,,,,,,,,,,,,,,
692.0,2354.0,4.0,4.0,2.0,1.0,310.0,1964.0,6.0,,,,,,,,,,,,,,,
693.0,2173.0,3.0,3.0,2.0,1.0,10.0,2018.0,9.0,,,,,,,,,,,,,,,
694.0,3032.0,4.0,4.0,2.0,2.0,53.0,2014.0,7.0,,,,,,,,,,,,,,,
695.0,4110.0,5.0,5.0,2.0,2.0,157.0,1993.0,4.0,,,,,,,,,,,,,,,
696.0,3225.0,4.0,4.0,2.0,2.0,575.0,2002.0,9.0,,,,,,,,,,,,,,,
697.0,4231.0,5.0,5.0,2.0,2.0,658.0,1989.0,6.0,,,,,,,,,,,,,,,
698.0,1105.0,2.0,2.0,1.0,1.0,67.0,1987.0,7.0,,,,,,,,,,,,,,,
699.0,3044.0,4.0,4.0,2.0,2.0,375.0,1997.0,2.0,,,,,,,,,,,,,,,
700.0,4359.0,5.0,5.0,2.0,2.0,223.0,2019.0,8.0,,,,,,,,,,,,,,,
701.0,2258.0,3.0,3.0,2.0,1.0,262.0,1973.0,4.0,,,,,,,,,,,,,,,
702.0,2298.0,3.0,3.0,2.0,1.0,283.0,1998.0,1.0,,,,,,,,,,,,,,,
703.0,3889.0,5.0,5.0,2.0,2.0,9.0,1993.0,3.0,,,,,,,,,,,,,,,
704.0,1990.0,3.0,3.0,2.0,1.0,254.0,2020.0,2.0,,,,,,,,,,,,,,,
705.0,1056.0,2.0,2.0,1.0,1.0,54.0,1963.0,10.0,,,,,,,,,,,,,,,
706.0,4910.0,,6.0,3.0,2.0,357.0,1973.0,4.0,,,,,,,,,,,,,,,
707.0,1252.0,2.0,2.0,1.0,1.0,117.0,2009.0,10.0,,,,,,,,,,,,,,,
708.0,835.0,1.0,1.0,1.0,1.0,118.0,2007.0,10.0,,,,,,,,,,,,,,,
709.0,3813.0,5.0,5.0,2.0,2.0,354.0,2004.0,9.0,,,,,,,,,,,,,,,
710.0,1982.0,3.0,3.0,2.0,1.0,266.0,2002.0,7.0,,,,,,,,,,,,,,,
711.0,4874.0,6.0,6.0,3.0,2.0,409.0,1954.0,1.0,,,,,,,,,,,,,,,
712.0,855.0,1.0,1.0,1.0,1.0,89.0,1981.0,10.0,,,,,,,,,,,,,,,
713.0,1731.0,3.0,3.0,2.0,1.0,68.0,1983.0,10.0,,,,,,,,,,,,,,,
714.0,638.0,1.0,1.0,1.0,1.0,123.0,2010.0,2.0,,,,,,,,,,,,,,,
715.0,3956.0,5.0,5.0,2.0,2.0,435.0,1962.0,9.0,,,,,,,,,,,,,,,
716.0,1782.0,3.0,3.0,2.0,1.0,58.0,2012.0,2.0,,,,,,,,,,,,,,,
717.0,2802.0,4.0,4.0,2.0,1.0,261.0,2019.0,8.0,,,,,,,,,,,,,,,
718.0,1424.0,3.0,3.0,1.0,1.0,151.0,1971.0,3.0,,,,,,,,,,,,,,,
719.0,2732.0,4.0,4.0,2.0,1.0,,2017.0,8.0,,,,,,,,,,,,,,,
720.0,3483.0,,4.0,2.0,2.0,55.0,1961.0,1.0,,,,,,,,,,,,,,,
721.0,3558.0,4.0,4.0,2.0,2.0,256.0,1993.0,6.0,,,,,,,,,,,,,,,
722.0,4726.0,6.0,6.0,3.0,2.0,114.0,1953.0,6.0,,,,,,,,,,,,,,,
723.0,1549.0,3.0,3.0,2.0,1.0,84.0,2007.0,5.0,,,,,,,,,,,,,,,
724.0,3947.0,5.0,5.0,2.0,2.0,205.0,1956.0,9.0,,,,,,,,,,,,,,,
725.0,1225.0,2.0,2.0,1.0,1.0,159.0,2008.0,4.0,,,,,,,,,,,,,,,
726.0,4316.0,5.0,5.0,2.0,2.0,824.0,2010.0,6.0,,,,,,,,,,,,,,,
727.0,4600.0,6.0,6.0,3.0,2.0,598.0,2000.0,2.0,,,,,,,,,,,,,,,
728.0,2431.0,4.0,4.0,2.0,1.0,322.0,1975.0,10.0,,,,,,,,,,,,,,,
729.0,2952.0,,4.0,2.0,1.0,345.0,2000.0,4.0,,,,,,,,,,,,,,,
730.0,672.0,1.0,1.0,1.0,1.0,3.0,1978.0,1.0,,,,,,,,,,,,,,,
731.0,3410.0,,4.0,2.0,2.0,219.0,2003.0,8.0,,,,,,,,,,,,,,,
732.0,2239.0,3.0,3.0,2.0,1.0,3.0,1997.0,7.0,,,,,,,,,,,,,,,
733.0,4058.0,5.0,5.0,2.0,2.0,515.0,2005.0,6.0,,,,,,,,,,,,,,,
734.0,4917.0,6.0,6.0,3.0,2.0,219.0,1987.0,9.0,,,,,,,,,,,,,,,
735.0,3357.0,4.0,4.0,2.0,2.0,88.0,1984.0,7.0,,,,,,,,,,,,,,,
736.0,4162.0,5.0,5.0,2.0,2.0,805.0,1959.0,5.0,,,,,,,,,,,,,,,
737.0,2583.0,4.0,4.0,2.0,1.0,,2002.0,7.0,,,,,,,,,,,,,,,
738.0,2771.0,4.0,4.0,2.0,1.0,502.0,1966.0,8.0,,,,,,,,,,,,,,,
739.0,2164.0,3.0,3.0,2.0,1.0,,1965.0,8.0,,,,,,,,,,,,,,,
740.0,1196.0,2.0,2.0,1.0,1.0,211.0,1955.0,5.0,,,,,,,,,,,,,,,
741.0,1677.0,3.0,3.0,2.0,1.0,45.0,1994.0,5.0,,,,,,,,,,,,,,,
742.0,3867.0,5.0,5.0,2.0,2.0,755.0,1983.0,1.0,,,,,,,,,,,,,,,
743.0,4685.0,6.0,6.0,3.0,2.0,401.0,1970.0,9.0,,,,,,,,,,,,,,,
744.0,3935.0,5.0,5.0,2.0,2.0,340.0,2015.0,10.0,,,,,,,,,,,,,,,
745.0,2220.0,3.0,3.0,2.0,1.0,136.0,1995.0,3.0,,,,,,,,,,,,,,,
746.0,3300.0,,4.0,2.0,2.0,435.0,1952.0,2.0,,,,,,,,,,,,,,,
747.0,3345.0,4.0,4.0,2.0,2.0,,1966.0,8.0,,,,,,,,,,,,,,,
748.0,3614.0,5.0,5.0,2.0,2.0,427.0,1973.0,6.0,,,,,,,,,,,,,,,
749.0,735.0,1.0,1.0,1.0,1.0,29.0,1983.0,4.0,,,,,,,,,,,,,,,
750.0,4523.0,6.0,6.0,3.0,2.0,873.0,1950.0,2.0,,,,,,,,,,,,,,,
751.0,603.0,1.0,1.0,1.0,1.0,71.0,1951.0,9.0,,,,,,,,,,,,,,,
752.0,1890.0,3.0,3.0,2.0,1.0,107.0,1999.0,3.0,,,,,,,,,,,,,,,
753.0,3739.0,5.0,5.0,2.0,2.0,337.0,1967.0,5.0,,,,,,,,,,,,,,,
754.0,1346.0,2.0,2.0,1.0,1.0,,2023.0,7.0,,,,,,,,,,,,,,,
755.0,1595.0,3.0,3.0,2.0,1.0,119.0,1986.0,4.0,,,,,,,,,,,,,,,
756.0,3222.0,4.0,4.0,2.0,2.0,462.0,1972.0,3.0,,,,,,,,,,,,,,,
757.0,2808.0,4.0,4.0,2.0,1.0,363.0,1967.0,7.0,,,,,,,,,,,,,,,
758.0,4366.0,5.0,5.0,2.0,2.0,698.0,1958.0,2.0,,,,,,,,,,,,,,,
759.0,1645.0,3.0,3.0,2.0,1.0,155.0,1950.0,5.0,,,,,,,,,,,,,,,
760.0,3613.0,5.0,5.0,2.0,2.0,600.0,1963.0,5.0,,,,,,,,,,,,,,,
761.0,1082.0,2.0,2.0,1.0,1.0,56.0,1960.0,5.0,,,,,,,,,,,,,,,
762.0,881.0,1.0,1.0,1.0,1.0,156.0,1953.0,9.0,,,,,,,,,,,,,,,
763.0,1876.0,3.0,3.0,2.0,1.0,365.0,1988.0,3.0,,,,,,,,,,,,,,,
764.0,2158.0,3.0,3.0,2.0,1.0,169.0,1997.0,8.0,,,,,,,,,,,,,,,
765.0,2429.0,,4.0,2.0,1.0,460.0,2001.0,7.0,,,,,,,,,,,,,,,
766.0,3019.0,4.0,4.0,2.0,2.0,599.0,1958.0,9.0,,,,,,,,,,,,,,,
767.0,1427.0,3.0,3.0,1.0,1.0,252.0,1993.0,4.0,,,,,,,,,,,,,,,
768.0,653.0,1.0,1.0,1.0,1.0,,1979.0,4.0,,,,,,,,,,,,,,,
769.0,1757.0,3.0,3.0,2.0,1.0,337.0,2007.0,10.0,,,,,,,,,,,,,,,
770.0,1691.0,3.0,3.0,2.0,1.0,283.0,1977.0,9.0,,,,,,,,,,,,,,,
771.0,3475.0,4.0,4.0,2.0,2.0,478.0,1980.0,5.0,,,,,,,,,,,,,,,
772.0,3324.0,4.0,4.0,2.0,2.0,17.0,1950.0,8.0,,,,,,,,,,,,,,,
773.0,843.0,1.0,1.0,1.0,1.0,31.0,2017.0,4.0,,,,,,,,,,,,,,,
774.0,655.0,,1.0,1.0,1.0,,1961.0,8.0,,,,,,,,,,,,,,,
775.0,4199.0,5.0,5.0,2.0,2.0,744.0,1991.0,3.0,,,,,,,,,,,,,,,
776.0,3390.0,4.0,4.0,2.0,2.0,451.0,1991.0,6.0,,,,,,,,,,,,,,,
777.0,1434.0,3.0,3.0,1.0,1.0,162.0,1998.0,9.0,,,,,,,,,,,,,,,
778.0,1832.0,3.0,3.0,2.0,1.0,139.0,2005.0,8.0,,,,,,,,,,,,,,,
779.0,4734.0,6.0,6.0,3.0,2.0,,1987.0,4.0,,,,,,,,,,,,,,,
780.0,3594.0,,4.0,2.0,2.0,686.0,2000.0,1.0,,,,,,,,,,,,,,,
781.0,4736.0,6.0,6.0,3.0,2.0,496.0,1989.0,3.0,,,,,,,,,,,,,,,
782.0,2348.0,4.0,4.0,2.0,1.0,,1981.0,9.0,,,,,,,,,,,,,,,
783.0,1163.0,2.0,2.0,1.0,1.0,186.0,2004.0,2.0,,,,,,,,,,,,,,,
784.0,3543.0,4.0,4.0,2.0,2.0,560.0,1957.0,9.0,,,,,,,,,,,,,,,
785.0,534.0,1.0,1.0,1.0,1.0,1.0,1992.0,10.0,,,,,,,,,,,,,,,
786.0,4258.0,5.0,5.0,2.0,2.0,62.0,1965.0,4.0,,,,,,,,,,,,,,,
787.0,3902.0,5.0,5.0,2.0,2.0,100.0,1950.0,5.0,,,,,,,,,,,,,,,
788.0,4284.0,5.0,5.0,2.0,2.0,466.0,2009.0,3.0,,,,,,,,,,,,,,,
789.0,1433.0,3.0,3.0,1.0,1.0,121.0,2015.0,5.0,,,,,,,,,,,,,,,
790.0,720.0,1.0,1.0,1.0,1.0,75.0,1990.0,6.0,,,,,,,,,,,,,,,
791.0,662.0,1.0,1.0,1.0,1.0,52.0,1989.0,5.0,,,,,,,,,,,,,,,
792.0,3920.0,5.0,5.0,2.0,2.0,313.0,1960.0,7.0,,,,,,,,,,,,,,,
793.0,554.0,1.0,1.0,1.0,1.0,46.0,1955.0,8.0,,,,,,,,,,,,,,,
794.0,2318.0,4.0,4.0,2.0,1.0,165.0,2007.0,9.0,,,,,,,,,,,,,,,
795.0,4332.0,5.0,5.0,2.0,2.0,364.0,2022.0,2.0,,,,,,,,,,,,,,,
796.0,3693.0,5.0,5.0,2.0,2.0,40.0,2023.0,8.0,,,,,,,,,,,,,,,
797.0,1302.0,2.0,2.0,1.0,1.0,77.0,1959.0,3.0,,,,,,,,,,,,,,,
798.0,3911.0,5.0,5.0,2.0,2.0,32.0,2016.0,7.0,,,,,,,,,,,,,,,
799.0,1510.0,3.0,3.0,2.0,1.0,219.0,1976.0,10.0,,,,,,,,,,,,,,,
800.0,1193.0,,2.0,1.0,1.0,21.0,1958.0,10.0,,,,,,,,,,,,,,,
801.0,3188.0,4.0,4.0,2.0,2.0,93.0,1976.0,2.0,,,,,,,,,,,,,,,
802.0,3573.0,4.0,4.0,2.0,2.0,267.0,1965.0,2.0,,,,,,,,,,,,,,,
803.0,3829.0,,5.0,2.0,2.0,612.0,2012.0,9.0,,,,,,,,,,,,,,,
804.0,3992.0,,5.0,2.0,2.0,,2016.0,10.0,,,,,,,,,,,,,,,
805.0,870.0,1.0,1.0,1.0,1.0,43.0,1975.0,3.0,,,,,,,,,,,,,,,
806.0,2441.0,4.0,4.0,2.0,1.0,242.0,1994.0,5.0,,,,,,,,,,,,,,,
807.0,1886.0,3.0,3.0,2.0,1.0,355.0,1976.0,1.0,,,,,,,,,,,,,,,
808.0,2652.0,4.0,4.0,2.0,1.0,503.0,1997.0,5.0,,,,,,,,,,,,,,,
809.0,1409.0,,3.0,1.0,1.0,,1991.0,1.0,,,,,,,,,,,,,,,
810.0,3295.0,4.0,4.0,2.0,2.0,175.0,1953.0,8.0,,,,,,,,,,,,,,,
811.0,1033.0,,2.0,1.0,1.0,28.0,1962.0,8.0,,,,,,,,,,,,,,,
812.0,2806.0,4.0,4.0,2.0,1.0,77.0,1964.0,6.0,,,,,,,,,,,,,,,
813.0,4751.0,6.0,6.0,3.0,2.0,403.0,1987.0,10.0,,,,,,,,,,,,,,,
814.0,2037.0,3.0,3.0,2.0,1.0,160.0,1993.0,7.0,,,,,,,,,,,,,,,
815.0,2488.0,4.0,4.0,2.0,1.0,151.0,1954.0,3.0,,,,,,,,,,,,,,,
816.0,1602.0,3.0,3.0,2.0,1.0,32.0,2011.0,8.0,,,,,,,,,,,,,,,
817.0,4657.0,6.0,6.0,3.0,2.0,667.0,1972.0,9.0,,,,,,,,,,,,,,,
818.0,1756.0,,3.0,2.0,1.0,335.0,1972.0,5.0,,,,,,,,,,,,,,,
819.0,2112.0,3.0,3.0,2.0,1.0,385.0,1964.0,10.0,,,,,,,,,,,,,,,
820.0,1346.0,2.0,2.0,1.0,1.0,154.0,2011.0,1.0,,,,,,,,,,,,,,,
821.0,4118.0,5.0,5.0,2.0,2.0,621.0,1989.0,6.0,,,,,,,,,,,,,,,
822.0,4209.0,5.0,5.0,2.0,2.0,388.0,1984.0,8.0,,,,,,,,,,,,,,,
823.0,549.0,1.0,1.0,1.0,1.0,3.0,1989.0,8.0,,,,,,,,,,,,,,,
824.0,1864.0,3.0,3.0,2.0,1.0,139.0,2010.0,9.0,,,,,,,,,,,,,,,
825.0,4221.0,5.0,5.0,2.0,2.0,368.0,1986.0,7.0,,,,,,,,,,,,,,,
826.0,4154.0,,5.0,2.0,2.0,538.0,1977.0,10.0,,,,,,,,,,,,,,,
827.0,750.0,1.0,1.0,1.0,1.0,101.0,1969.0,5.0,,,,,,,,,,,,,,,
828.0,3985.0,5.0,5.0,2.0,2.0,747.0,1951.0,2.0,,,,,,,,,,,,,,,
829.0,704.0,1.0,1.0,1.0,1.0,125.0,2006.0,3.0,,,,,,,,,,,,,,,
830.0,4109.0,5.0,5.0,2.0,2.0,648.0,1989.0,3.0,,,,,,,,,,,,,,,
831.0,586.0,1.0,1.0,1.0,1.0,50.0,2017.0,2.0,,,,,,,,,,,,,,,
832.0,4641.0,6.0,6.0,3.0,2.0,752.0,1970.0,5.0,,,,,,,,,,,,,,,
833.0,4218.0,5.0,5.0,2.0,2.0,349.0,1987.0,4.0,,,,,,,,,,,,,,,
834.0,2040.0,3.0,3.0,2.0,1.0,379.0,1960.0,10.0,,,,,,,,,,,,,,,
835.0,4424.0,6.0,6.0,2.0,2.0,763.0,1967.0,8.0,,,,,,,,,,,,,,,
836.0,1987.0,3.0,3.0,2.0,1.0,193.0,1994.0,10.0,,,,,,,,,,,,,,,
837.0,1700.0,3.0,3.0,2.0,1.0,328.0,1966.0,3.0,,,,,,,,,,,,,,,
838.0,2259.0,3.0,3.0,2.0,1.0,200.0,2021.0,8.0,,,,,,,,,,,,,,,
839.0,3078.0,4.0,4.0,2.0,2.0,329.0,1998.0,8.0,,,,,,,,,,,,,,,
840.0,1073.0,2.0,2.0,1.0,1.0,8.0,1956.0,3.0,,,,,,,,,,,,,,,
841.0,4326.0,5.0,5.0,2.0,2.0,98.0,2001.0,3.0,,,,,,,,,,,,,,,
842.0,3013.0,4.0,4.0,2.0,2.0,509.0,2011.0,10.0,,,,,,,,,,,,,,,
843.0,4286.0,5.0,5.0,2.0,2.0,524.0,2001.0,6.0,,,,,,,,,,,,,,,
844.0,3631.0,5.0,5.0,2.0,2.0,229.0,1977.0,6.0,,,,,,,,,,,,,,,
845.0,4184.0,5.0,5.0,2.0,2.0,475.0,1975.0,6.0,,,,,,,,,,,,,,,
846.0,2750.0,4.0,4.0,2.0,1.0,406.0,1993.0,1.0,,,,,,,,,,,,,,,
847.0,3584.0,,4.0,2.0,2.0,61.0,1953.0,9.0,,,,,,,,,,,,,,,
848.0,3952.0,5.0,5.0,2.0,2.0,450.0,2009.0,4.0,,,,,,,,,,,,,,,
849.0,1061.0,2.0,2.0,1.0,1.0,66.0,2005.0,4.0,,,,,,,,,,,,,,,
850.0,1878.0,3.0,3.0,2.0,1.0,39.0,1956.0,6.0,,,,,,,,,,,,,,,
851.0,997.0,1.0,1.0,1.0,1.0,77.0,1954.0,6.0,,,,,,,,,,,,,,,
852.0,3514.0,4.0,4.0,2.0,2.0,48.0,1954.0,6.0,,,,,,,,,,,,,,,
853.0,1679.0,3.0,3.0,2.0,1.0,133.0,1985.0,4.0,,,,,,,,,,,,,,,
854.0,2636.0,4.0,4.0,2.0,1.0,311.0,1998.0,9.0,,,,,,,,,,,,,,,
855.0,2925.0,4.0,4.0,2.0,1.0,426.0,1994.0,4.0,,,,,,,,,,,,,,,
856.0,4075.0,5.0,5.0,2.0,2.0,798.0,2012.0,5.0,,,,,,,,,,,,,,,
857.0,999.0,1.0,1.0,1.0,1.0,191.0,2014.0,8.0,,,,,,,,,,,,,,,
858.0,1308.0,2.0,2.0,1.0,1.0,193.0,1951.0,2.0,,,,,,,,,,,,,,,
859.0,2545.0,4.0,4.0,2.0,1.0,269.0,1953.0,3.0,,,,,,,,,,,,,,,
860.0,4051.0,5.0,5.0,2.0,2.0,297.0,2013.0,8.0,,,,,,,,,,,,,,,
861.0,2945.0,4.0,4.0,2.0,1.0,95.0,2010.0,1.0,,,,,,,,,,,,,,,
862.0,3056.0,4.0,4.0,2.0,2.0,181.0,1998.0,3.0,,,,,,,,,,,,,,,
863.0,1774.0,3.0,3.0,2.0,1.0,,1951.0,4.0,,,,,,,,,,,,,,,
864.0,2709.0,,4.0,2.0,1.0,71.0,2001.0,2.0,,,,,,,,,,,,,,,
865.0,1112.0,2.0,2.0,1.0,1.0,57.0,2022.0,7.0,,,,,,,,,,,,,,,
866.0,3121.0,4.0,4.0,2.0,2.0,493.0,2007.0,3.0,,,,,,,,,,,,,,,
867.0,3473.0,4.0,4.0,2.0,2.0,328.0,2018.0,9.0,,,,,,,,,,,,,,,
868.0,4578.0,6.0,6.0,3.0,2.0,297.0,1969.0,5.0,,,,,,,,,,,,,,,
869.0,4836.0,6.0,6.0,3.0,2.0,232.0,1985.0,9.0,,,,,,,,,,,,,,,
870.0,1083.0,,2.0,1.0,1.0,,1982.0,8.0,,,,,,,,,,,,,,,
871.0,522.0,1.0,1.0,1.0,1.0,6.0,1951.0,5.0,,,,,,,,,,,,,,,
872.0,2920.0,4.0,4.0,2.0,1.0,536.0,2003.0,1.0,,,,,,,,,,,,,,,
873.0,2508.0,4.0,4.0,2.0,1.0,18.0,1974.0,3.0,,,,,,,,,,,,,,,
874.0,1614.0,3.0,3.0,2.0,1.0,75.0,2021.0,6.0,,,,,,,,,,,,,,,
875.0,3111.0,4.0,4.0,2.0,2.0,182.0,2015.0,10.0,,,,,,,,,,,,,,,
876.0,3704.0,5.0,5.0,2.0,2.0,121.0,2012.0,9.0,,,,,,,,,,,,,,,
877.0,1762.0,3.0,3.0,2.0,1.0,167.0,1989.0,5.0,,,,,,,,,,,,,,,
878.0,1007.0,,2.0,1.0,1.0,85.0,1956.0,7.0,,,,,,,,,,,,,,,
879.0,3879.0,5.0,5.0,2.0,2.0,,1994.0,4.0,,,,,,,,,,,,,,,
880.0,4785.0,6.0,6.0,3.0,2.0,,2012.0,1.0,,,,,,,,,,,,,,,
881.0,615.0,1.0,1.0,1.0,1.0,87.0,1951.0,9.0,,,,,,,,,,,,,,,
882.0,4748.0,6.0,6.0,3.0,2.0,,2006.0,6.0,,,,,,,,,,,,,,,
883.0,594.0,1.0,1.0,1.0,1.0,67.0,2005.0,6.0,,,,,,,,,,,,,,,
884.0,4082.0,5.0,5.0,2.0,2.0,128.0,1957.0,6.0,,,,,,,,,,,,,,,
885.0,4434.0,6.0,6.0,2.0,2.0,156.0,1970.0,6.0,,,,,,,,,,,,,,,
886.0,1770.0,3.0,3.0,2.0,1.0,316.0,2017.0,4.0,,,,,,,,,,,,,,,
887.0,2140.0,3.0,3.0,2.0,1.0,,2017.0,4.0,,,,,,,,,,,,,,,
888.0,2604.0,,4.0,2.0,1.0,336.0,1984.0,10.0,,,,,,,,,,,,,,,
889.0,4916.0,6.0,6.0,3.0,2.0,,1985.0,6.0,,,,,,,,,,,,,,,
890.0,2260.0,3.0,3.0,2.0,1.0,351.0,2017.0,4.0,,,,,,,,,,,,,,,
891.0,2111.0,3.0,3.0,2.0,1.0,387.0,1971.0,3.0,,,,,,,,,,,,,,,
892.0,1891.0,3.0,3.0,2.0,1.0,372.0,1992.0,9.0,,,,,,,,,,,,,,,
893.0,4816.0,6.0,6.0,3.0,2.0,391.0,2013.0,7.0,,,,,,,,,,,,,,,
894.0,3702.0,5.0,5.0,2.0,2.0,206.0,1971.0,9.0,,,,,,,,,,,,,,,
895.0,1300.0,2.0,2.0,1.0,1.0,234.0,1960.0,3.0,,,,,,,,,,,,,,,
896.0,2578.0,4.0,4.0,2.0,1.0,,1976.0,7.0,,,,,,,,,,,,,,,
897.0,3514.0,,4.0,2.0,2.0,381.0,1950.0,5.0,,,,,,,,,,,,,,,
898.0,4246.0,5.0,5.0,2.0,2.0,447.0,1957.0,6.0,,,,,,,,,,,,,,,
899.0,4126.0,5.0,5.0,2.0,2.0,392.0,1974.0,6.0,,,,,,,,,,,,,,,
900.0,3458.0,4.0,4.0,2.0,2.0,276.0,2021.0,1.0,,,,,,,,,,,,,,,
901.0,1384.0,2.0,2.0,1.0,1.0,,1974.0,7.0,,,,,,,,,,,,,,,
902.0,1270.0,2.0,2.0,1.0,1.0,,2018.0,2.0,,,,,,,,,,,,,,,
903.0,3706.0,5.0,5.0,2.0,2.0,460.0,2022.0,5.0,,,,,,,,,,,,,,,
904.0,1738.0,3.0,3.0,2.0,1.0,246.0,1970.0,2.0,,,,,,,,,,,,,,,
905.0,3566.0,4.0,4.0,2.0,2.0,429.0,1961.0,5.0,,,,,,,,,,,,,,,
906.0,1728.0,3.0,3.0,2.0,1.0,1.0,1979.0,8.0,,,,,,,,,,,,,,,
907.0,2027.0,3.0,3.0,2.0,1.0,108.0,1975.0,1.0,,,,,,,,,,,,,,,
908.0,1837.0,,3.0,2.0,1.0,205.0,1987.0,1.0,,,,,,,,,,,,,,,
909.0,3293.0,4.0,4.0,2.0,2.0,233.0,1998.0,4.0,,,,,,,,,,,,,,,
910.0,1906.0,3.0,3.0,2.0,1.0,277.0,1952.0,9.0,,,,,,,,,,,,,,,
911.0,3997.0,5.0,5.0,2.0,2.0,584.0,1996.0,1.0,,,,,,,,,,,,,,,
912.0,4466.0,6.0,6.0,2.0,2.0,390.0,1972.0,7.0,,,,,,,,,,,,,,,
913.0,1443.0,3.0,3.0,1.0,1.0,73.0,2022.0,8.0,,,,,,,,,,,,,,,
914.0,541.0,1.0,1.0,1.0,1.0,92.0,2019.0,9.0,,,,,,,,,,,,,,,
915.0,4543.0,,6.0,3.0,2.0,517.0,1962.0,9.0,,,,,,,,,,,,,,,
916.0,2251.0,3.0,3.0,2.0,1.0,,1957.0,10.0,,,,,,,,,,,,,,,
917.0,2732.0,4.0,4.0,2.0,1.0,495.0,1974.0,5.0,,,,,,,,,,,,,,,
918.0,2927.0,4.0,4.0,2.0,1.0,457.0,1964.0,7.0,,,,,,,,,,,,,,,
919.0,4506.0,6.0,6.0,3.0,2.0,868.0,2010.0,2.0,,,,,,,,,,,,,,,
920.0,4225.0,5.0,5.0,2.0,2.0,785.0,1958.0,9.0,,,,,,,,,,,,,,,
921.0,3292.0,4.0,4.0,2.0,2.0,107.0,1978.0,9.0,,,,,,,,,,,,,,,
922.0,4365.0,,5.0,2.0,2.0,469.0,1960.0,3.0,,,,,,,,,,,,,,,
923.0,4750.0,6.0,6.0,3.0,2.0,299.0,2011.0,8.0,,,,,,,,,,,,,,,
924.0,2508.0,4.0,4.0,2.0,1.0,443.0,1992.0,6.0,,,,,,,,,,,,,,,
925.0,3668.0,5.0,5.0,2.0,2.0,7.0,2007.0,4.0,,,,,,,,,,,,,,,
926.0,4423.0,6.0,6.0,2.0,2.0,288.0,2003.0,8.0,,,,,,,,,,,,,,,
927.0,4737.0,6.0,6.0,3.0,2.0,588.0,2018.0,4.0,,,,,,,,,,,,,,,
928.0,4750.0,6.0,6.0,3.0,2.0,775.0,2018.0,8.0,,,,,,,,,,,,,,,
929.0,963.0,1.0,1.0,1.0,1.0,73.0,1967.0,9.0,,,,,,,,,,,,,,,
930.0,561.0,1.0,1.0,1.0,1.0,28.0,1959.0,2.0,,,,,,,,,,,,,,,
931.0,3247.0,4.0,4.0,2.0,2.0,,2007.0,6.0,,,,,,,,,,,,,,,
932.0,4620.0,6.0,6.0,3.0,2.0,253.0,1969.0,9.0,,,,,,,,,,,,,,,
933.0,2159.0,3.0,3.0,2.0,1.0,105.0,1986.0,3.0,,,,,,,,,,,,,,,
934.0,2332.0,4.0,4.0,2.0,1.0,457.0,1991.0,6.0,,,,,,,,,,,,,,,
935.0,984.0,1.0,1.0,1.0,1.0,6.0,1961.0,7.0,,,,,,,,,,,,,,,
936.0,3608.0,5.0,5.0,2.0,2.0,702.0,2020.0,9.0,,,,,,,,,,,,,,,
937.0,2881.0,4.0,4.0,2.0,1.0,103.0,2000.0,1.0,,,,,,,,,,,,,,,
938.0,4943.0,6.0,6.0,3.0,2.0,374.0,1990.0,3.0,,,,,,,,,,,,,,,
939.0,962.0,1.0,1.0,1.0,1.0,143.0,1962.0,7.0,,,,,,,,,,,,,,,
940.0,1024.0,2.0,2.0,1.0,1.0,25.0,2007.0,8.0,,,,,,,,,,,,,,,
941.0,4563.0,6.0,6.0,3.0,2.0,493.0,2023.0,7.0,,,,,,,,,,,,,,,
942.0,3528.0,4.0,4.0,2.0,2.0,107.0,1986.0,6.0,,,,,,,,,,,,,,,
943.0,4011.0,5.0,5.0,2.0,2.0,332.0,1957.0,10.0,,,,,,,,,,,,,,,
944.0,4979.0,6.0,6.0,3.0,2.0,887.0,1995.0,7.0,,,,,,,,,,,,,,,
945.0,2591.0,4.0,4.0,2.0,1.0,393.0,1975.0,1.0,,,,,,,,,,,,,,,
946.0,3570.0,4.0,4.0,2.0,2.0,,2001.0,6.0,,,,,,,,,,,,,,,
947.0,729.0,1.0,1.0,1.0,1.0,4.0,1970.0,9.0,,,,,,,,,,,,,,,
948.0,2532.0,,4.0,2.0,1.0,304.0,2019.0,7.0,,,,,,,,,,,,,,,
949.0,4642.0,6.0,6.0,3.0,2.0,,1993.0,9.0,,,,,,,,,,,,,,,
950.0,4326.0,5.0,5.0,2.0,2.0,674.0,1966.0,4.0,,,,,,,,,,,,,,,
951.0,4496.0,6.0,6.0,2.0,2.0,672.0,2000.0,5.0,,,,,,,,,,,,,,,
952.0,3773.0,5.0,5.0,2.0,2.0,172.0,1964.0,3.0,,,,,,,,,,,,,,,
953.0,1372.0,,2.0,1.0,1.0,,1958.0,7.0,,,,,,,,,,,,,,,
954.0,1929.0,3.0,3.0,2.0,1.0,377.0,2017.0,4.0,,,,,,,,,,,,,,,
955.0,4568.0,6.0,6.0,3.0,2.0,865.0,1962.0,8.0,,,,,,,,,,,,,,,
956.0,2748.0,4.0,4.0,2.0,1.0,25.0,1977.0,5.0,,,,,,,,,,,,,,,
957.0,1301.0,2.0,2.0,1.0,1.0,157.0,2012.0,2.0,,,,,,,,,,,,,,,
958.0,4480.0,6.0,6.0,2.0,2.0,499.0,1972.0,3.0,,,,,,,,,,,,,,,
959.0,2564.0,4.0,4.0,2.0,1.0,,1991.0,3.0,,,,,,,,,,,,,,,
960.0,4272.0,5.0,5.0,2.0,2.0,690.0,1986.0,9.0,,,,,,,,,,,,,,,
961.0,2680.0,,4.0,2.0,1.0,278.0,2014.0,8.0,,,,,,,,,,,,,,,
962.0,3724.0,5.0,5.0,2.0,2.0,94.0,1999.0,4.0,,,,,,,,,,,,,,,
963.0,1270.0,2.0,2.0,1.0,1.0,174.0,1968.0,8.0,,,,,,,,,,,,,,,
964.0,3307.0,4.0,4.0,2.0,2.0,351.0,1998.0,10.0,,,,,,,,,,,,,,,
965.0,3075.0,,4.0,2.0,2.0,203.0,1983.0,7.0,,,,,,,,,,,,,,,
966.0,2869.0,4.0,4.0,2.0,1.0,416.0,1992.0,9.0,,,,,,,,,,,,,,,
967.0,2338.0,4.0,4.0,2.0,1.0,141.0,1950.0,9.0,,,,,,,,,,,,,,,
968.0,3836.0,5.0,5.0,2.0,2.0,150.0,1977.0,5.0,,,,,,,,,,,,,,,
969.0,1625.0,3.0,3.0,2.0,1.0,91.0,2012.0,10.0,,,,,,,,,,,,,,,
970.0,2806.0,4.0,4.0,2.0,1.0,,2001.0,4.0,,,,,,,,,,,,,,,
971.0,4407.0,6.0,6.0,2.0,2.0,,2013.0,2.0,,,,,,,,,,,,,,,
972.0,2560.0,4.0,4.0,2.0,1.0,221.0,1962.0,2.0,,,,,,,,,,,,,,,
973.0,1999.0,3.0,3.0,2.0,1.0,,1980.0,2.0,,,,,,,,,,,,,,,
974.0,4045.0,5.0,5.0,2.0,2.0,516.0,1987.0,9.0,,,,,,,,,,,,,,,
975.0,2601.0,4.0,4.0,2.0,1.0,49.0,2021.0,3.0,,,,,,,,,,,,,,,
976.0,1439.0,3.0,3.0,1.0,1.0,,2009.0,10.0,,,,,,,,,,,,,,,
977.0,2478.0,4.0,4.0,2.0,1.0,255.0,1978.0,10.0,,,,,,,,,,,,,,,
978.0,1636.0,3.0,3.0,2.0,1.0,251.0,1981.0,6.0,,,,,,,,,,,,,,,
979.0,2810.0,4.0,4.0,2.0,1.0,5.0,2020.0,6.0,,,,,,,,,,,,,,,
980.0,4826.0,6.0,6.0,3.0,2.0,600.0,2010.0,2.0,,,,,,,,,,,,,,,
981.0,753.0,1.0,1.0,1.0,1.0,,1950.0,9.0,,,,,,,,,,,,,,,
982.0,3471.0,,4.0,2.0,2.0,318.0,1995.0,8.0,,,,,,,,,,,,,,,
983.0,3033.0,4.0,4.0,2.0,2.0,170.0,1955.0,7.0,,,,,,,,,,,,,,,
984.0,4754.0,6.0,6.0,3.0,2.0,539.0,1994.0,2.0,,,,,,,,,,,,,,,
985.0,780.0,1.0,1.0,1.0,1.0,142.0,2013.0,8.0,,,,,,,,,,,,,,,
986.0,4238.0,5.0,5.0,2.0,2.0,690.0,1969.0,4.0,,,,,,,,,,,,,,,
987.0,3799.0,5.0,5.0,2.0,2.0,304.0,2002.0,9.0,,,,,,,,,,,,,,,
988.0,1442.0,3.0,3.0,1.0,1.0,112.0,1958.0,2.0,,,,,,,,,,,,,,,
989.0,1282.0,2.0,2.0,1.0,1.0,,2017.0,10.0,,,,,,,,,,,,,,,
990.0,3432.0,4.0,4.0,2.0,2.0,33.0,2016.0,6.0,,,,,,,,,,,,,,,
991.0,1339.0,2.0,2.0,1.0,1.0,162.0,2016.0,6.0,,,,,,,,,,,,,,,
992.0,2691.0,4.0,4.0,2.0,1.0,513.0,2007.0,5.0,,,,,,,,,,,,,,,
993.0,839.0,1.0,1.0,1.0,1.0,33.0,2018.0,7.0,,,,,,,,,,,,,,,
994.0,1608.0,3.0,3.0,2.0,1.0,303.0,2017.0,4.0,,,,,,,,,,,,,,,
995.0,3979.0,5.0,5.0,2.0,2.0,418.0,1970.0,5.0,,,,,,,,,,,,,,,
996.0,4786.0,6.0,6.0,3.0,2.0,800.0,2016.0,2.0,,,,,,,,,,,,,,,
997.0,2824.0,4.0,4.0,2.0,1.0,154.0,1963.0,5.0,,,,,,,,,,,,,,,
998.0,2807.0,4.0,4.0,2.0,1.0,210.0,1975.0,8.0,,,,,,,,,,,,,,,
999.0,1908.0,3.0,3.0,2.0,1.0,96.0,1980.0,7.0,,,,,,,,,,,,,,,
1000.0,2089.0,3.0,3.0,2.0,1.0,342.0,2009.0,4.0,,,,,,,,,,,,,,,
1001.0,3529.0,4.0,4.0,2.0,2.0,141.0,1979.0,10.0,,,,,,,,,,,,,,,
1002.0,1761.0,3.0,3.0,2.0,1.0,68.0,2020.0,5.0,,,,,,,,,,,,,,,
1003.0,1425.0,3.0,3.0,1.0,1.0,137.0,1995.0,2.0,,,,,,,,,,,,,,,
1004.0,2141.0,3.0,3.0,2.0,1.0,174.0,1975.0,2.0,,,,,,,,,,,,,,,
1005.0,1473.0,3.0,3.0,1.0,1.0,170.0,2018.0,8.0,,,,,,,,,,,,,,,
1006.0,2025.0,3.0,3.0,2.0,1.0,194.0,1958.0,3.0,,,,,,,,,,,,,,,
1007.0,3721.0,5.0,5.0,2.0,2.0,271.0,1956.0,5.0,,,,,,,,,,,,,,,
1008.0,3154.0,4.0,4.0,2.0,2.0,402.0,1957.0,8.0,,,,,,,,,,,,,,,
1009.0,3540.0,4.0,4.0,2.0,2.0,407.0,1972.0,9.0,,,,,,,,,,,,,,,
1010.0,2752.0,4.0,4.0,2.0,1.0,57.0,1985.0,7.0,,,,,,,,,,,,,,,
1011.0,4053.0,5.0,5.0,2.0,2.0,622.0,2000.0,2.0,,,,,,,,,,,,,,,
1012.0,1075.0,2.0,2.0,1.0,1.0,108.0,1991.0,9.0,,,,,,,,,,,,,,,
1013.0,2745.0,4.0,4.0,2.0,1.0,419.0,1990.0,10.0,,,,,,,,,,,,,,,
1014.0,1262.0,2.0,2.0,1.0,1.0,209.0,2022.0,8.0,,,,,,,,,,,,,,,
1015.0,815.0,1.0,1.0,1.0,1.0,136.0,1995.0,8.0,,,,,,,,,,,,,,,
1016.0,3525.0,4.0,4.0,2.0,2.0,645.0,1970.0,8.0,,,,,,,,,,,,,,,
1017.0,3217.0,4.0,4.0,2.0,2.0,90.0,2007.0,3.0,,,,,,,,,,,,,,,
1018.0,2366.0,,4.0,2.0,1.0,374.0,1970.0,4.0,,,,,,,,,,,,,,,
1019.0,2393.0,4.0,4.0,2.0,1.0,389.0,1983.0,3.0,,,,,,,,,,,,,,,
1020.0,501.0,1.0,1.0,1.0,1.0,28.0,1961.0,3.0,,,,,,,,,,,,,,,
1021.0,1881.0,3.0,3.0,2.0,1.0,264.0,2011.0,8.0,,,,,,,,,,,,,,,
1022.0,3104.0,4.0,4.0,2.0,2.0,120.0,1987.0,2.0,,,,,,,,,,,,,,,
1023.0,831.0,1.0,1.0,1.0,1.0,,1980.0,4.0,,,,,,,,,,,,,,,
1024.0,1219.0,2.0,2.0,1.0,1.0,219.0,2014.0,1.0,,,,,,,,,,,,,,,
1025.0,4343.0,5.0,5.0,2.0,2.0,248.0,2012.0,8.0,,,,,,,,,,,,,,,
1026.0,3641.0,5.0,5.0,2.0,2.0,107.0,1999.0,4.0,,,,,,,,,,,,,,,
1027.0,2879.0,,4.0,2.0,1.0,130.0,1967.0,6.0,,,,,,,,,,,,,,,
1028.0,4736.0,6.0,6.0,3.0,2.0,,2013.0,1.0,,,,,,,,,,,,,,,
1029.0,2897.0,4.0,4.0,2.0,1.0,403.0,1956.0,7.0,,,,,,,,,,,,,,,
1030.0,4679.0,6.0,6.0,3.0,2.0,932.0,1988.0,2.0,,,,,,,,,,,,,,,
1031.0,1962.0,3.0,3.0,2.0,1.0,6.0,1989.0,3.0,,,,,,,,,,,,,,,
1032.0,4420.0,6.0,6.0,2.0,2.0,652.0,1979.0,10.0,,,,,,,,,,,,,,,
1033.0,3102.0,4.0,4.0,2.0,2.0,533.0,2012.0,2.0,,,,,,,,,,,,,,,
1034.0,1200.0,,2.0,1.0,1.0,113.0,1981.0,10.0,,,,,,,,,,,,,,,
1035.0,4278.0,5.0,5.0,2.0,2.0,39.0,1975.0,9.0,,,,,,,,,,,,,,,
1036.0,2983.0,4.0,4.0,2.0,1.0,,1991.0,9.0,,,,,,,,,,,,,,,
1037.0,1195.0,2.0,2.0,1.0,1.0,19.0,1972.0,8.0,,,,,,,,,,,,,,,
1038.0,1420.0,,3.0,1.0,1.0,123.0,2001.0,10.0,,,,,,,,,,,,,,,
1039.0,906.0,1.0,1.0,1.0,1.0,89.0,1968.0,9.0,,,,,,,,,,,,,,,
1040.0,4924.0,6.0,6.0,3.0,2.0,521.0,1958.0,1.0,,,,,,,,,,,,,,,
1041.0,2227.0,3.0,3.0,2.0,1.0,23.0,2022.0,8.0,,,,,,,,,,,,,,,
1042.0,3784.0,5.0,5.0,2.0,2.0,129.0,2021.0,7.0,,,,,,,,,,,,,,,
1043.0,4749.0,6.0,6.0,3.0,2.0,574.0,2016.0,5.0,,,,,,,,,,,,,,,
1044.0,3238.0,,4.0,2.0,2.0,564.0,1970.0,9.0,,,,,,,,,,,,,,,
1045.0,2461.0,4.0,4.0,2.0,1.0,435.0,2008.0,7.0,,,,,,,,,,,,,,,
1046.0,2841.0,4.0,4.0,2.0,1.0,336.0,1960.0,8.0,,,,,,,,,,,,,,,
1047.0,3487.0,,4.0,2.0,2.0,,1954.0,6.0,,,,,,,,,,,,,,,
1048.0,862.0,1.0,1.0,1.0,1.0,,1997.0,9.0,,,,,,,,,,,,,,,
1049.0,2284.0,3.0,3.0,2.0,1.0,68.0,2018.0,6.0,,,,,,,,,,,,,,,
1050.0,1047.0,2.0,2.0,1.0,1.0,94.0,1982.0,7.0,,,,,,,,,,,,,,,
1051.0,1386.0,2.0,2.0,1.0,1.0,76.0,2002.0,10.0,,,,,,,,,,,,,,,
1052.0,4078.0,5.0,5.0,2.0,2.0,437.0,1955.0,10.0,,,,,,,,,,,,,,,
1053.0,3638.0,5.0,5.0,2.0,2.0,91.0,1951.0,5.0,,,,,,,,,,,,,,,
1054.0,3714.0,5.0,5.0,2.0,2.0,603.0,1966.0,10.0,,,,,,,,,,,,,,,
1055.0,4472.0,6.0,6.0,2.0,2.0,609.0,1967.0,9.0,,,,,,,,,,,,,,,
1056.0,4183.0,5.0,5.0,2.0,2.0,,2017.0,4.0,,,,,,,,,,,,,,,
1057.0,1836.0,3.0,3.0,2.0,1.0,281.0,1981.0,4.0,,,,,,,,,,,,,,,
1058.0,3814.0,5.0,5.0,2.0,2.0,47.0,1994.0,3.0,,,,,,,,,,,,,,,
1059.0,3439.0,4.0,4.0,2.0,2.0,676.0,2011.0,8.0,,,,,,,,,,,,,,,
1060.0,3677.0,5.0,5.0,2.0,2.0,507.0,1965.0,7.0,,,,,,,,,,,,,,,
1061.0,2770.0,4.0,4.0,2.0,1.0,185.0,1964.0,4.0,,,,,,,,,,,,,,,
1062.0,1382.0,,2.0,1.0,1.0,183.0,1974.0,1.0,,,,,,,,,,,,,,,
1063.0,2664.0,4.0,4.0,2.0,1.0,230.0,1971.0,8.0,,,,,,,,,,,,,,,
1064.0,892.0,1.0,1.0,1.0,1.0,28.0,2001.0,1.0,,,,,,,,,,,,,,,
1065.0,4672.0,6.0,6.0,3.0,2.0,143.0,1980.0,3.0,,,,,,,,,,,,,,,
1066.0,2094.0,3.0,3.0,2.0,1.0,223.0,1977.0,7.0,,,,,,,,,,,,,,,
1067.0,1776.0,3.0,3.0,2.0,1.0,195.0,1990.0,4.0,,,,,,,,,,,,,,,
1068.0,4288.0,5.0,5.0,2.0,2.0,518.0,1957.0,10.0,,,,,,,,,,,,,,,
1069.0,1442.0,3.0,3.0,1.0,1.0,177.0,1962.0,1.0,,,,,,,,,,,,,,,
1070.0,1132.0,2.0,2.0,1.0,1.0,94.0,1953.0,1.0,,,,,,,,,,,,,,,
1071.0,4338.0,5.0,5.0,2.0,2.0,617.0,1981.0,4.0,,,,,,,,,,,,,,,
1072.0,3691.0,5.0,5.0,2.0,2.0,46.0,1989.0,9.0,,,,,,,,,,,,,,,
1073.0,1970.0,3.0,3.0,2.0,1.0,262.0,1968.0,9.0,,,,,,,,,,,,,,,
1074.0,1950.0,3.0,3.0,2.0,1.0,130.0,1978.0,8.0,,,,,,,,,,,,,,,
1075.0,1261.0,2.0,2.0,1.0,1.0,121.0,2004.0,4.0,,,,,,,,,,,,,,,
1076.0,2680.0,4.0,4.0,2.0,1.0,352.0,1967.0,8.0,,,,,,,,,,,,,,,
1077.0,2538.0,4.0,4.0,2.0,1.0,106.0,1959.0,10.0,,,,,,,,,,,,,,,
1078.0,1244.0,2.0,2.0,1.0,1.0,8.0,1963.0,10.0,,,,,,,,,,,,,,,
1079.0,2584.0,4.0,4.0,2.0,1.0,29.0,1970.0,2.0,,,,,,,,,,,,,,,
1080.0,2821.0,4.0,4.0,2.0,1.0,41.0,1972.0,2.0,,,,,,,,,,,,,,,
1081.0,2602.0,4.0,4.0,2.0,1.0,299.0,2018.0,3.0,,,,,,,,,,,,,,,
1082.0,2136.0,3.0,3.0,2.0,1.0,,1963.0,4.0,,,,,,,,,,,,,,,
1083.0,4900.0,6.0,6.0,3.0,2.0,901.0,2010.0,7.0,,,,,,,,,,,,,,,
1084.0,2069.0,3.0,3.0,2.0,1.0,384.0,2020.0,9.0,,,,,,,,,,,,,,,
1085.0,3230.0,4.0,4.0,2.0,2.0,412.0,1990.0,4.0,,,,,,,,,,,,,,,
1086.0,875.0,,1.0,1.0,1.0,61.0,2003.0,9.0,,,,,,,,,,,,,,,
1087.0,2813.0,4.0,4.0,2.0,1.0,358.0,1966.0,5.0,,,,,,,,,,,,,,,
1088.0,585.0,1.0,1.0,1.0,1.0,110.0,1993.0,3.0,,,,,,,,,,,,,,,
1089.0,761.0,1.0,1.0,1.0,1.0,71.0,1969.0,2.0,,,,,,,,,,,,,,,
1090.0,3695.0,5.0,5.0,2.0,2.0,,1977.0,10.0,,,,,,,,,,,,,,,
1091.0,2327.0,4.0,4.0,2.0,1.0,346.0,1952.0,6.0,,,,,,,,,,,,,,,
1092.0,3502.0,4.0,4.0,2.0,2.0,326.0,1994.0,5.0,,,,,,,,,,,,,,,
1093.0,3137.0,4.0,4.0,2.0,2.0,17.0,2018.0,6.0,,,,,,,,,,,,,,,
1094.0,3360.0,4.0,4.0,2.0,2.0,183.0,1963.0,10.0,,,,,,,,,,,,,,,
1095.0,951.0,1.0,1.0,1.0,1.0,38.0,1968.0,1.0,,,,,,,,,,,,,,,
1096.0,711.0,1.0,1.0,1.0,1.0,9.0,1985.0,4.0,,,,,,,,,,,,,,,
1097.0,4122.0,5.0,5.0,2.0,2.0,596.0,1997.0,4.0,,,,,,,,,,,,,,,
1098.0,2976.0,4.0,4.0,2.0,1.0,91.0,1988.0,9.0,,,,,,,,,,,,,,,
1099.0,4414.0,6.0,6.0,2.0,2.0,502.0,1992.0,2.0,,,,,,,,,,,,,,,
1100.0,2544.0,4.0,4.0,2.0,1.0,497.0,1991.0,6.0,,,,,,,,,,,,,,,
1101.0,3245.0,4.0,4.0,2.0,2.0,332.0,2016.0,4.0,,,,,,,,,,,,,,,
1102.0,1823.0,3.0,3.0,2.0,1.0,140.0,2010.0,5.0,,,,,,,,,,,,,,,
1103.0,3827.0,5.0,5.0,2.0,2.0,194.0,1995.0,10.0,,,,,,,,,,,,,,,
1104.0,2161.0,3.0,3.0,2.0,1.0,28.0,1999.0,1.0,,,,,,,,,,,,,,,
1105.0,4615.0,,6.0,3.0,2.0,607.0,1993.0,4.0,,,,,,,,,,,,,,,
1106.0,2297.0,3.0,3.0,2.0,1.0,453.0,2003.0,1.0,,,,,,,,,,,,,,,
1107.0,4725.0,6.0,6.0,3.0,2.0,,1959.0,3.0,,,,,,,,,,,,,,,
1108.0,4363.0,5.0,5.0,2.0,2.0,138.0,1951.0,8.0,,,,,,,,,,,,,,,
1109.0,4662.0,6.0,6.0,3.0,2.0,472.0,1992.0,4.0,,,,,,,,,,,,,,,
1110.0,3742.0,5.0,5.0,2.0,2.0,88.0,1966.0,10.0,,,,,,,,,,,,,,,
1111.0,2027.0,3.0,3.0,2.0,1.0,52.0,1976.0,9.0,,,,,,,,,,,,,,,
1112.0,1916.0,3.0,3.0,2.0,1.0,236.0,2007.0,1.0,,,,,,,,,,,,,,,
1113.0,4424.0,6.0,6.0,2.0,2.0,735.0,2006.0,9.0,,,,,,,,,,,,,,,
1114.0,3109.0,4.0,4.0,2.0,2.0,341.0,2002.0,1.0,,,,,,,,,,,,,,,
1115.0,2234.0,3.0,3.0,2.0,1.0,359.0,1982.0,10.0,,,,,,,,,,,,,,,
1116.0,1071.0,2.0,2.0,1.0,1.0,19.0,1980.0,2.0,,,,,,,,,,,,,,,
1117.0,2501.0,4.0,4.0,2.0,1.0,59.0,2017.0,1.0,,,,,,,,,,,,,,,
1118.0,4980.0,6.0,6.0,3.0,2.0,910.0,1967.0,8.0,,,,,,,,,,,,,,,
1119.0,2352.0,4.0,4.0,2.0,1.0,143.0,1978.0,5.0,,,,,,,,,,,,,,,
1120.0,1790.0,3.0,3.0,2.0,1.0,151.0,1973.0,5.0,,,,,,,,,,,,,,,
1121.0,4622.0,6.0,6.0,3.0,2.0,197.0,1999.0,4.0,,,,,,,,,,,,,,,
1122.0,4927.0,6.0,6.0,3.0,2.0,389.0,1998.0,2.0,,,,,,,,,,,,,,,
1123.0,1677.0,3.0,3.0,2.0,1.0,143.0,1952.0,2.0,,,,,,,,,,,,,,,
1124.0,1125.0,2.0,2.0,1.0,1.0,9.0,1964.0,2.0,,,,,,,,,,,,,,,
1125.0,3571.0,,4.0,2.0,2.0,512.0,1975.0,5.0,,,,,,,,,,,,,,,
1126.0,2565.0,4.0,4.0,2.0,1.0,395.0,1962.0,9.0,,,,,,,,,,,,,,,
1127.0,2244.0,,3.0,2.0,1.0,40.0,1967.0,9.0,,,,,,,,,,,,,,,
1128.0,1803.0,3.0,3.0,2.0,1.0,227.0,1970.0,1.0,,,,,,,,,,,,,,,
1129.0,1525.0,3.0,3.0,2.0,1.0,,1996.0,4.0,,,,,,,,,,,,,,,
1130.0,3107.0,4.0,4.0,2.0,2.0,473.0,2011.0,2.0,,,,,,,,,,,,,,,
1131.0,2380.0,4.0,4.0,2.0,1.0,184.0,1982.0,10.0,,,,,,,,,,,,,,,
1132.0,3223.0,4.0,4.0,2.0,2.0,314.0,1983.0,3.0,,,,,,,,,,,,,,,
1133.0,4410.0,,6.0,2.0,2.0,22.0,2022.0,5.0,,,,,,,,,,,,,,,
1134.0,4293.0,5.0,5.0,2.0,2.0,,2022.0,5.0,,,,,,,,,,,,,,,
1135.0,1425.0,3.0,3.0,1.0,1.0,119.0,2009.0,4.0,,,,,,,,,,,,,,,
1136.0,4044.0,5.0,5.0,2.0,2.0,313.0,1960.0,1.0,,,,,,,,,,,,,,,
1137.0,4090.0,5.0,5.0,2.0,2.0,642.0,1991.0,6.0,,,,,,,,,,,,,,,
1138.0,3842.0,5.0,5.0,2.0,2.0,507.0,2022.0,1.0,,,,,,,,,,,,,,,
1139.0,3898.0,5.0,5.0,2.0,2.0,720.0,1950.0,8.0,,,,,,,,,,,,,,,
1140.0,732.0,1.0,1.0,1.0,1.0,56.0,2002.0,3.0,,,,,,,,,,,,,,,
1141.0,3407.0,4.0,4.0,2.0,2.0,261.0,2021.0,10.0,,,,,,,,,,,,,,,
1142.0,925.0,1.0,1.0,1.0,1.0,179.0,2009.0,5.0,,,,,,,,,,,,,,,
1143.0,1976.0,3.0,3.0,2.0,1.0,,1979.0,2.0,,,,,,,,,,,,,,,
1144.0,2153.0,3.0,3.0,2.0,1.0,193.0,1980.0,10.0,,,,,,,,,,,,,,,
1145.0,2967.0,4.0,4.0,2.0,1.0,100.0,1992.0,6.0,,,,,,,,,,,,,,,
1146.0,3855.0,5.0,5.0,2.0,2.0,397.0,2017.0,2.0,,,,,,,,,,,,,,,
1147.0,2112.0,3.0,3.0,2.0,1.0,71.0,2006.0,7.0,,,,,,,,,,,,,,,
1148.0,1830.0,3.0,3.0,2.0,1.0,174.0,1952.0,9.0,,,,,,,,,,,,,,,
1149.0,3101.0,4.0,4.0,2.0,2.0,168.0,1965.0,10.0,,,,,,,,,,,,,,,
1150.0,1064.0,,2.0,1.0,1.0,136.0,1988.0,10.0,,,,,,,,,,,,,,,
1151.0,800.0,1.0,1.0,1.0,1.0,,1972.0,10.0,,,,,,,,,,,,,,,
1152.0,723.0,1.0,1.0,1.0,1.0,27.0,2013.0,1.0,,,,,,,,,,,,,,,
1153.0,1184.0,2.0,2.0,1.0,1.0,235.0,1980.0,7.0,,,,,,,,,,,,,,,
1154.0,888.0,1.0,1.0,1.0,1.0,119.0,1987.0,8.0,,,,,,,,,,,,,,,
1155.0,963.0,1.0,1.0,1.0,1.0,,1964.0,9.0,,,,,,,,,,,,,,,
1156.0,886.0,1.0,1.0,1.0,1.0,17.0,2010.0,10.0,,,,,,,,,,,,,,,
1157.0,4293.0,5.0,5.0,2.0,2.0,204.0,2005.0,5.0,,,,,,,,,,,,,,,
1158.0,2229.0,3.0,3.0,2.0,1.0,413.0,1965.0,5.0,,,,,,,,,,,,,,,
1159.0,4203.0,5.0,5.0,2.0,2.0,511.0,2010.0,7.0,,,,,,,,,,,,,,,
1160.0,4892.0,6.0,6.0,3.0,2.0,941.0,1978.0,7.0,,,,,,,,,,,,,,,
1161.0,4086.0,5.0,5.0,2.0,2.0,98.0,2001.0,8.0,,,,,,,,,,,,,,,
1162.0,1598.0,3.0,3.0,2.0,1.0,62.0,2022.0,2.0,,,,,,,,,,,,,,,
1163.0,4387.0,5.0,5.0,2.0,2.0,67.0,1994.0,7.0,,,,,,,,,,,,,,,
1164.0,2238.0,3.0,3.0,2.0,1.0,12.0,1952.0,8.0,,,,,,,,,,,,,,,
1165.0,2072.0,3.0,3.0,2.0,1.0,82.0,1996.0,8.0,,,,,,,,,,,,,,,
1166.0,4762.0,6.0,6.0,3.0,2.0,229.0,1996.0,10.0,,,,,,,,,,,,,,,
1167.0,2952.0,4.0,4.0,2.0,1.0,68.0,1962.0,9.0,,,,,,,,,,,,,,,
1168.0,612.0,,1.0,1.0,1.0,13.0,2004.0,9.0,,,,,,,,,,,,,,,
1169.0,4505.0,6.0,6.0,3.0,2.0,43.0,1958.0,8.0,,,,,,,,,,,,,,,
1170.0,3818.0,5.0,5.0,2.0,2.0,160.0,1985.0,2.0,,,,,,,,,,,,,,,
1171.0,3857.0,5.0,5.0,2.0,2.0,59.0,1965.0,7.0,,,,,,,,,,,,,,,
1172.0,1419.0,3.0,3.0,1.0,1.0,197.0,2022.0,5.0,,,,,,,,,,,,,,,
1173.0,1268.0,2.0,2.0,1.0,1.0,50.0,2009.0,6.0,,,,,,,,,,,,,,,
1174.0,2678.0,4.0,4.0,2.0,1.0,68.0,1960.0,7.0,,,,,,,,,,,,,,,
1175.0,4458.0,6.0,6.0,2.0,2.0,603.0,1956.0,7.0,,,,,,,,,,,,,,,
1176.0,2885.0,4.0,4.0,2.0,1.0,533.0,1990.0,3.0,,,,,,,,,,,,,,,
1177.0,4746.0,6.0,6.0,3.0,2.0,407.0,1974.0,4.0,,,,,,,,,,,,,,,
1178.0,3681.0,5.0,5.0,2.0,2.0,585.0,1972.0,9.0,,,,,,,,,,,,,,,
1179.0,1995.0,3.0,3.0,2.0,1.0,106.0,1982.0,4.0,,,,,,,,,,,,,,,
1180.0,1624.0,,3.0,2.0,1.0,209.0,1994.0,8.0,,,,,,,,,,,,,,,
1181.0,2931.0,,4.0,2.0,1.0,,1950.0,3.0,,,,,,,,,,,,,,,
1182.0,1948.0,3.0,3.0,2.0,1.0,68.0,2022.0,4.0,,,,,,,,,,,,,,,
1183.0,3666.0,5.0,5.0,2.0,2.0,357.0,1969.0,8.0,,,,,,,,,,,,,,,
1184.0,1161.0,2.0,2.0,1.0,1.0,186.0,1973.0,5.0,,,,,,,,,,,,,,,
1185.0,2751.0,4.0,4.0,2.0,1.0,230.0,2019.0,9.0,,,,,,,,,,,,,,,
1186.0,2369.0,4.0,4.0,2.0,1.0,,1951.0,8.0,,,,,,,,,,,,,,,
1187.0,3519.0,4.0,4.0,2.0,2.0,192.0,1958.0,4.0,,,,,,,,,,,,,,,
1188.0,1154.0,2.0,2.0,1.0,1.0,,1986.0,3.0,,,,,,,,,,,,,,,
1189.0,1639.0,3.0,3.0,2.0,1.0,148.0,1982.0,5.0,,,,,,,,,,,,,,,
1190.0,3185.0,4.0,4.0,2.0,2.0,343.0,2001.0,1.0,,,,,,,,,,,,,,,
1191.0,897.0,1.0,1.0,1.0,1.0,44.0,2011.0,4.0,,,,,,,,,,,,,,,
1192.0,1801.0,,3.0,2.0,1.0,,2006.0,6.0,,,,,,,,,,,,,,,
1193.0,1998.0,3.0,3.0,2.0,1.0,207.0,2005.0,5.0,,,,,,,,,,,,,,,
1194.0,4910.0,6.0,6.0,3.0,2.0,301.0,2016.0,8.0,,,,,,,,,,,,,,,
1195.0,591.0,,1.0,1.0,1.0,81.0,1973.0,3.0,,,,,,,,,,,,,,,
1196.0,3496.0,,4.0,2.0,2.0,645.0,2020.0,7.0,,,,,,,,,,,,,,,
1197.0,1789.0,3.0,3.0,2.0,1.0,48.0,2007.0,10.0,,,,,,,,,,,,,,,
1198.0,1653.0,3.0,3.0,2.0,1.0,261.0,1990.0,10.0,,,,,,,,,,,,,,,
1199.0,821.0,1.0,1.0,1.0,1.0,5.0,2001.0,10.0,,,,,,,,,,,,,,,
1200.0,1617.0,3.0,3.0,2.0,1.0,299.0,1953.0,2.0,,,,,,,,,,,,,,,
,,,,,,,,,2.0,92.0,14.0,75.0,14.0,76.0,33.0,40.0,50.0,,,,,,
,,,,,,,,,3.0,94.0,86.0,43.0,39.0,80.0,36.0,94.0,21.0,,,,,,
,,,,,,,,,4.0,87.0,86.0,58.0,69.0,22.0,43.0,74.0,15.0,,,,,,
,,,,,,,,,5.0,92.0,84.0,67.0,25.0,19.0,25.0,19.0,45.0,,,,,,
,,,,,,,,,6.0,43.0,11.0,61.0,18.0,91.0,57.0,35.0,97.0,,,,,,
,,,,,,,,,7.0,14.0,3.0,19.0,50.0,40.0,15.0,22.0,70.0,,,,,,
,,,,,,,,,8.0,16.0,41.0,57.0,99.0,88.0,73.0,77.0,73.0,,,,,,
,,,,,,,,,9.0,18.0,62.0,22.0,13.0,41.0,38.0,5.0,23.0,,,,,,
,,,,,,,,,10.0,74.0,66.0,49.0,72.0,62.0,50.0,32.0,10.0,,,,,,
,,,,,,,,,2.0,,,82.0,,69.0,,,,77.0,39.0,68.0,22.0,6.0,29.0
,,,,,,,,,3.0,,,1.0,,75.0,,,,15.0,77.0,19.0,79.0,3.0,63.0
,,,,,,,,,4.0,,,97.0,,68.0,,,,84.0,30.0,90.0,2.0,76.0,41.0
,,,,,,,,,5.0,,,87.0,,84.0,,,,46.0,89.0,72.0,73.0,92.0,47.0
,,,,,,,,,6.0,,,88.0,,89.0,,,,76.0,32.0,27.0,40.0,81.0,77.0
,,,,,,,,,7.0,,,13.0,,11.0,,,,73.0,87.0,5.0,40.0,62.0,21.0
,,,,,,,,,8.0,,,50.0,,78.0,,,,91.0,68.0,77.0,75.0,91.0,70.0
,,,,,,,,,9.0,,,58.0,,32.0,,,,43.0,1.0,32.0,98.0,16.0,85.0
,,,,,,,,,10.0,,,52.0,,85.0,,,,16.0,63.0,49.0,2.0,7.0,82.0
